日期,窗口,计划购电量_kWh,调整购电量_kWh,净调整_kWh,上调_kWh,下调_kWh,紧急购电量_kWh
2025-02-01,0:00-6:00,23242.664399999994,23242.664399999994,0.0,0.0,0.0,0.0
2025-02-01,6:00-12:00,0.0,0.0,0.0,0.0,0.0,0.0
2025-02-01,12:00-18:00,7070.035800000001,7070.035800000001,0.0,0.0,0.0,0.0
2025-02-01,18:00-24:00,13737.3978,13737.3978,0.0,0.0,0.0,783.0951
2025-02-02,0:00-6:00,29999.998799999994,29999.998799999994,0.0,0.0,0.0,0.0
2025-02-02,6:00-12:00,16379.2952,16379.2952,0.0,0.0,0.0,0.0
2025-02-02,12:00-18:00,21187.035699999997,21187.733799999995,0.6980999999999966,0.6980999999999966,0.0,0.0
2025-02-02,18:00-24:00,21861.863599999993,21861.863599999993,0.0,0.0,0.0,0.0
2025-02-03,0:00-6:00,29999.998799999994,29999.998799999994,0.0,0.0,0.0,0.0
2025-02-03,6:00-12:00,16841.9926,16841.9926,0.0,0.0,0.0,0.0
2025-02-03,12:00-18:00,22377.504399999994,22377.504399999994,0.0,0.0,0.0,0.0
2025-02-03,18:00-24:00,21717.616999999995,21717.616999999995,0.0,0.0,0.0,0.0
2025-02-04,0:00-6:00,29999.998799999994,29999.998799999994,0.0,0.0,0.0,0.0
2025-02-04,6:00-12:00,16754.9564,16853.9934,99.03700000000006,99.03700000000006,0.0,0.0
2025-02-04,12:00-18:00,23832.509699999995,23832.509699999995,0.0,0.0,0.0,0.0
2025-02-04,18:00-24:00,21783.493899999994,21783.493899999994,0.0,0.0,0.0,0.0
2025-02-05,0:00-6:00,29679.177399999997,29679.177399999997,0.0,0.0,0.0,0.0
2025-02-05,6:00-12:00,14819.330500000002,16081.765200000002,1262.4347000000002,1262.4347000000002,0.0,0.0
2025-02-05,12:00-18:00,20755.711099999997,20835.219999999994,79.50890000000004,79.50890000000004,0.0,0.0
2025-02-05,18:00-24:00,21395.300499999994,21395.300499999994,0.0,0.0,0.0,0.0
2025-02-06,0:00-6:00,29819.473099999996,29819.473099999996,0.0,0.0,0.0,0.0
2025-02-06,6:00-12:00,16372.4012,16399.8368,27.435600000000008,27.435600000000008,0.0,0.0
2025-02-06,12:00-18:00,23715.817599999995,23715.817599999995,0.0,0.0,0.0,0.0
2025-02-06,18:00-24:00,21444.360599999993,21466.529399999996,22.168800000000033,22.168800000000033,0.0,0.0
2025-02-07,0:00-6:00,23253.8965,23253.8965,0.0,0.0,0.0,0.0
2025-02-07,6:00-12:00,308.4332,421.6238,113.19060000000002,113.19060000000002,0.0,0.0
2025-02-07,12:00-18:00,6434.367799999999,6597.7314,163.3636,163.3636,0.0,0.0
2025-02-07,18:00-24:00,13448.6509,13448.6509,0.0,0.0,0.0,277.5737
2025-02-08,0:00-6:00,19527.312899999997,19542.1183,14.805399999999963,14.805399999999963,0.0,0.0
2025-02-08,6:00-12:00,0.0,0.0,0.0,0.0,0.0,270.9562
2025-02-08,12:00-18:00,3614.4365,4046.374,431.93750000000006,431.93750000000006,0.0,0.0
2025-02-08,18:00-24:00,13340.7466,13366.165,25.41840000000002,25.41840000000002,0.0,820.8623
2025-02-09,0:00-6:00,29079.9763,29079.9763,0.0,0.0,0.0,0.0
2025-02-09,6:00-12:00,16312.218400000002,16764.880800000003,452.6624,452.6624,0.0,0.0
2025-02-09,12:00-18:00,20132.374099999994,20727.05259999999,594.6785,594.6785,0.0,0.0
2025-02-09,18:00-24:00,21019.019799999995,21070.476899999994,51.45709999999991,51.45709999999991,0.0,0.0
2025-02-10,0:00-6:00,29075.087299999996,29093.619799999997,18.532499999999914,18.532499999999914,0.0,0.0
2025-02-10,6:00-12:00,13397.2986,13449.7342,52.43559999999989,52.43559999999989,0.0,0.0
2025-02-10,12:00-18:00,19447.722899999997,19480.297499999997,32.57460000000004,32.57460000000004,0.0,0.0
2025-02-10,18:00-24:00,20979.123099999993,20998.550999999992,19.427899999999966,19.427899999999966,0.0,0.0
2025-02-11,0:00-6:00,28723.870899999998,28723.870899999998,0.0,0.0,0.0,0.0
2025-02-11,6:00-12:00,12222.7544,12494.5042,271.7497999999999,271.7497999999999,0.0,158.5173
2025-02-11,12:00-18:00,21465.960099999997,21510.409799999994,44.44970000000001,44.44970000000001,0.0,0.0
2025-02-11,18:00-24:00,21275.927999999993,21299.545799999993,23.617799999999875,23.617799999999875,0.0,69.8527
2025-02-12,0:00-6:00,29999.998799999994,29999.998799999994,0.0,0.0,0.0,0.0
2025-02-12,6:00-12:00,13572.191299999999,13572.191299999999,0.0,0.0,0.0,0.0
2025-02-12,12:00-18:00,19586.575099999995,19586.575099999995,0.0,0.0,0.0,0.0
2025-02-12,18:00-24:00,21060.09569999999,21071.014199999994,10.918499999999966,10.918499999999966,0.0,0.0
2025-02-13,0:00-6:00,28640.973199999997,28640.973199999997,0.0,0.0,0.0,0.0
2025-02-13,6:00-12:00,12159.5545,12573.9148,414.36030000000005,414.36030000000005,0.0,0.0
2025-02-13,12:00-18:00,16854.8493,17488.834099999996,633.9847999999997,633.9847999999997,0.0,0.0
2025-02-13,18:00-24:00,20883.02739999999,21023.810599999993,140.78319999999982,140.78319999999982,0.0,0.0
2025-02-14,0:00-6:00,19752.618,19760.3184,7.700400000000059,7.700400000000059,0.0,0.0
2025-02-14,6:00-12:00,0.0,0.0,0.0,0.0,0.0,113.0515
2025-02-14,12:00-18:00,3464.8566,4379.6934,914.8367999999999,914.8367999999999,0.0,0.0
2025-02-14,18:00-24:00,13293.6002,13342.6815,49.08129999999994,49.08129999999994,0.0,303.2432
2025-02-15,0:00-6:00,18353.0574,18675.8332,322.77580000000006,322.77580000000006,0.0,0.0
2025-02-15,6:00-12:00,0.0,0.0,0.0,0.0,0.0,168.1759
2025-02-15,12:00-18:00,4341.6906,4406.247399999999,64.55679999999998,64.55679999999998,0.0,0.0
2025-02-15,18:00-24:00,13256.7432,13293.447600000001,36.704399999999964,36.704399999999964,0.0,554.9241999999999
2025-02-16,0:00-6:00,28982.581899999994,28982.581899999994,0.0,0.0,0.0,0.0
2025-02-16,6:00-12:00,13671.466400000001,13679.030400000001,7.5639999999999645,7.5639999999999645,0.0,0.0
2025-02-16,12:00-18:00,20363.723599999998,20363.723599999998,0.0,0.0,0.0,0.0
2025-02-16,18:00-24:00,21074.722299999994,21131.783799999994,57.06149999999988,57.06149999999988,0.0,0.0
2025-02-17,0:00-6:00,29347.704499999993,29347.704499999993,0.0,0.0,0.0,0.0
2025-02-17,6:00-12:00,13984.2009,13988.1159,3.9149999999999636,3.9149999999999636,0.0,0.0
2025-02-17,12:00-18:00,19796.428699999997,19800.115699999995,3.687000000000012,3.687000000000012,0.0,0.0
2025-02-17,18:00-24:00,21026.088299999992,21033.483799999995,7.395499999999998,7.395499999999998,0.0,0.0
2025-02-18,0:00-6:00,28562.973299999998,28562.973299999998,0.0,0.0,0.0,0.0
2025-02-18,6:00-12:00,10466.108699999999,11949.253900000003,1483.1452,1483.1452,0.0,0.0
2025-02-18,12:00-18:00,15298.289200000001,16879.543400000002,1581.2541999999999,1581.2541999999999,0.0,0.0
2025-02-18,18:00-24:00,21054.085399999993,21180.30289999999,126.21749999999977,126.21749999999977,0.0,1.6504
2025-02-19,0:00-6:00,29084.923099999993,29084.923099999993,0.0,0.0,0.0,0.0
2025-02-19,6:00-12:00,10135.282799999999,10661.6231,526.3403000000002,526.3403000000002,0.0,199.3869
2025-02-19,12:00-18:00,16192.4119,17666.4597,1474.0478,1474.0478,0.0,0.0
2025-02-19,18:00-24:00,20847.43999999999,21038.548499999994,191.10849999999994,191.10849999999994,0.0,70.0121
2025-02-20,0:00-6:00,29226.615199999997,29226.615199999997,0.0,0.0,0.0,0.0
2025-02-20,6:00-12:00,12692.5573,12714.824700000001,22.267400000000066,22.267400000000066,0.0,0.0
2025-02-20,12:00-18:00,16738.3485,16927.2393,188.89080000000007,188.89080000000007,0.0,0.0
2025-02-20,18:00-24:00,20913.453799999996,21089.90009999999,176.44629999999995,176.44629999999995,0.0,0.0
2025-02-21,0:00-6:00,19289.641900000002,19494.843500000003,205.20159999999993,205.20159999999993,0.0,0.0
2025-02-21,6:00-12:00,0.0,0.0,0.0,0.0,0.0,51.4185
2025-02-21,12:00-18:00,3012.4575000000004,3237.7328,225.27530000000002,225.27530000000002,0.0,0.0
2025-02-21,18:00-24:00,13421.4793,13473.483400000001,52.00409999999994,52.00409999999994,0.0,376.4804
2025-02-22,0:00-6:00,17990.060899999997,18197.846599999997,207.78570000000002,207.78570000000002,0.0,0.0
2025-02-22,6:00-12:00,0.0,0.0,0.0,0.0,0.0,234.3616
2025-02-22,12:00-18:00,3610.89,3728.7644,117.87440000000005,117.87440000000005,0.0,0.0
2025-02-22,18:00-24:00,13444.423200000001,13476.8116,32.388400000000104,32.388400000000104,0.0,503.392
2025-02-23,0:00-6:00,28066.9168,28066.9168,0.0,0.0,0.0,0.0
2025-02-23,6:00-12:00,10491.860800000002,11340.2534,848.3925999999999,848.3925999999999,0.0,18.3538
2025-02-23,12:00-18:00,18556.2886,18556.2886,0.0,0.0,0.0,0.0
2025-02-23,18:00-24:00,20847.731999999993,20899.40789999999,51.67589999999997,51.67589999999997,0.0,0.0
2025-02-24,0:00-6:00,29066.560999999994,29066.560999999994,0.0,0.0,0.0,0.0
2025-02-24,6:00-12:00,9159.3477,10915.342799999999,1755.9951,1755.9951,0.0,0.0
2025-02-24,12:00-18:00,16314.576400000002,17352.7737,1038.1973,1038.1973,0.0,0.0
2025-02-24,18:00-24:00,21103.46979999999,21103.989699999995,0.5199000000000069,0.5199000000000069,0.0,0.0
2025-02-25,0:00-6:00,28335.723499999996,28335.723499999996,0.0,0.0,0.0,0.0
2025-02-25,6:00-12:00,11479.454,11479.454,0.0,0.0,0.0,0.0
2025-02-25,12:00-18:00,16810.722700000002,16815.690300000002,4.967599999999948,4.967599999999948,0.0,0.0
2025-02-25,18:00-24:00,20903.126399999994,20969.050099999993,65.92370000000007,65.92370000000007,0.0,0.0
2025-02-26,0:00-6:00,28372.346299999997,28372.346299999997,0.0,0.0,0.0,0.0
2025-02-26,6:00-12:00,7265.6408,8451.100900000001,1185.4600999999998,1185.4600999999998,0.0,228.00899999999996
2025-02-26,12:00-18:00,14024.445000000002,16557.4068,2532.9618,2532.9618,0.0,0.0
2025-02-26,18:00-24:00,20880.989299999994,21057.270099999994,176.28079999999994,176.28079999999994,0.0,0.0
2025-02-27,0:00-6:00,28706.027,28706.027,0.0,0.0,0.0,0.0
2025-02-27,6:00-12:00,8956.406299999999,9322.394,365.9877,365.9877,0.0,449.4979
2025-02-27,12:00-18:00,13722.138099999998,14455.648500000001,733.5103999999999,733.5103999999999,0.0,0.0
2025-02-27,18:00-24:00,20828.685899999993,20878.996999999996,50.311099999999875,50.311099999999875,0.0,0.0
2025-02-28,0:00-6:00,18123.9774,18424.0582,300.0808,300.0808,0.0,0.0
2025-02-28,6:00-12:00,0.0,0.0,0.0,0.0,0.0,280.4107
2025-02-28,12:00-18:00,3152.3907,3191.6123,39.2216,39.2216,0.0,0.0
2025-02-28,18:00-24:00,13385.8141,13402.984500000002,17.170399999999916,17.170399999999916,0.0,589.0746999999999
2025-03-01,0:00-6:00,19096.356,19096.356,0.0,0.0,0.0,0.0
2025-03-01,6:00-12:00,0.0,0.0,0.0,0.0,0.0,0.0
2025-03-01,12:00-18:00,4098.013,4098.013,0.0,0.0,0.0,0.0
2025-03-01,18:00-24:00,13382.700200000001,13382.700200000001,0.0,0.0,0.0,248.3358
2025-03-02,0:00-6:00,27748.373399999993,27748.373399999993,0.0,0.0,0.0,0.0
2025-03-02,6:00-12:00,10619.972,11647.999,1028.027,1028.027,0.0,0.0
2025-03-02,12:00-18:00,21091.064499999997,21091.064499999997,0.0,0.0,0.0,0.0
2025-03-02,18:00-24:00,20991.694999999992,20991.694999999992,0.0,0.0,0.0,0.0
2025-03-03,0:00-6:00,28820.612299999993,28820.612299999993,0.0,0.0,0.0,0.0
2025-03-03,6:00-12:00,13486.4372,13486.4372,0.0,0.0,0.0,0.0
2025-03-03,12:00-18:00,19417.647899999996,19741.731599999992,324.0836999999998,324.0836999999998,0.0,0.0
2025-03-03,18:00-24:00,20776.045399999995,20792.222899999993,16.17750000000001,16.17750000000001,0.0,0.0
2025-03-04,0:00-6:00,28387.3484,28387.3484,0.0,0.0,0.0,0.0
2025-03-04,6:00-12:00,9385.9596,10479.3263,1093.3667,1093.3667,0.0,35.315
2025-03-04,12:00-18:00,14783.6802,15925.6695,1141.9893,1141.9893,0.0,0.0
2025-03-04,18:00-24:00,20950.668099999995,20950.668099999995,0.0,0.0,0.0,282.1242
2025-03-05,0:00-6:00,28419.2573,28419.2573,0.0,0.0,0.0,0.0
2025-03-05,6:00-12:00,9556.841099999998,9567.566899999998,10.725800000000007,10.725800000000007,0.0,0.0
2025-03-05,12:00-18:00,18099.448,18099.448,0.0,0.0,0.0,0.0
2025-03-05,18:00-24:00,20807.99139999999,20808.744899999994,0.7535000000000309,0.7535000000000309,0.0,0.0
2025-03-06,0:00-6:00,27455.675799999994,27455.675799999994,0.0,0.0,0.0,0.0
2025-03-06,6:00-12:00,6544.8159,7193.9528,649.1369,649.1369,0.0,106.1049
2025-03-06,12:00-18:00,15908.2588,16505.3985,597.1397000000001,597.1397000000001,0.0,0.0
2025-03-06,18:00-24:00,20865.247699999993,20869.65009999999,4.402400000000057,4.402400000000057,0.0,0.0
2025-03-07,0:00-6:00,17099.309299999997,17099.309299999997,0.0,0.0,0.0,0.0
2025-03-07,6:00-12:00,0.0,0.0,0.0,0.0,0.0,0.0
2025-03-07,12:00-18:00,3875.657,3875.657,0.0,0.0,0.0,0.0
2025-03-07,18:00-24:00,13375.4542,13375.4542,0.0,0.0,0.0,168.2234
2025-03-08,0:00-6:00,15049.3527,15345.01,295.65729999999996,295.65729999999996,0.0,0.0
2025-03-08,6:00-12:00,0.0,0.0,0.0,0.0,0.0,80.48780000000001
2025-03-08,12:00-18:00,2787.7288999999996,2953.054,165.3251,165.3251,0.0,0.0
2025-03-08,18:00-24:00,13336.809000000001,13570.056100000002,233.24710000000005,233.24710000000005,0.0,150.9304
2025-03-09,0:00-6:00,26927.388899999998,26927.388899999998,0.0,0.0,0.0,0.0
2025-03-09,6:00-12:00,8603.105000000001,9236.695300000001,633.5903000000001,633.5903000000001,0.0,0.0
2025-03-09,12:00-18:00,17499.7716,17521.698,21.926400000000058,21.926400000000058,0.0,0.0
2025-03-09,18:00-24:00,20760.37129999999,20841.829399999995,81.45810000000006,81.45810000000006,0.0,0.0
2025-03-10,0:00-6:00,27366.938399999995,27366.938399999995,0.0,0.0,0.0,0.0
2025-03-10,6:00-12:00,7356.4385,9026.9339,1670.4953999999998,1670.4953999999998,0.0,138.003
2025-03-10,12:00-18:00,15742.090500000002,16289.272600000002,547.1821,547.1821,0.0,0.0
2025-03-10,18:00-24:00,20752.93309999999,20887.199099999994,134.2660000000002,134.2660000000002,0.0,0.0
2025-03-11,0:00-6:00,28111.151599999997,28111.151599999997,0.0,0.0,0.0,0.0
2025-03-11,6:00-12:00,874.9236,6016.050400000001,5141.1268,5141.1268,0.0,258.2107
2025-03-11,12:00-18:00,13373.125800000002,14772.1384,1399.0126,1399.0126,0.0,0.0
2025-03-11,18:00-24:00,20840.695199999995,20922.973699999995,82.27850000000012,82.27850000000012,0.0,41.1832
2025-03-12,0:00-6:00,28038.831899999997,28038.831899999997,0.0,0.0,0.0,0.0
2025-03-12,6:00-12:00,6622.152200000001,6757.820100000001,135.66789999999997,135.66789999999997,0.0,87.3315
2025-03-12,12:00-18:00,17192.0462,17196.2233,4.177099999999996,4.177099999999996,0.0,0.0
2025-03-12,18:00-24:00,20914.66569999999,21050.831999999995,136.16629999999998,136.16629999999998,0.0,0.0
2025-03-13,0:00-6:00,27180.390999999996,27180.390999999996,0.0,0.0,0.0,0.0
2025-03-13,6:00-12:00,9435.5768,9943.231700000002,507.65489999999994,507.65489999999994,0.0,0.0
2025-03-13,12:00-18:00,14559.5848,16385.627300000004,1826.0425000000002,1826.0425000000002,0.0,0.0
2025-03-13,18:00-24:00,20813.713499999994,21019.220499999996,205.50700000000006,205.50700000000006,0.0,0.0
2025-03-14,0:00-6:00,15615.293000000001,15616.474500000002,1.1814999999999145,1.1814999999999145,0.0,0.0
2025-03-14,6:00-12:00,0.0,0.0,0.0,0.0,0.0,97.0105
2025-03-14,12:00-18:00,2343.2704,2766.9860999999996,423.7157000000001,423.7157000000001,0.0,0.0
2025-03-14,18:00-24:00,13297.6758,13516.346000000001,218.67020000000002,218.67020000000002,0.0,350.78150000000005
2025-03-15,0:00-6:00,15092.4993,15109.5333,17.03400000000002,17.03400000000002,0.0,0.0
2025-03-15,6:00-12:00,0.0,0.0,0.0,0.0,0.0,232.3432
2025-03-15,12:00-18:00,2097.6823,2602.3695,504.6872,504.6872,0.0,0.0
2025-03-15,18:00-24:00,13248.9764,13334.981,86.0046000000001,86.0046000000001,0.0,399.7753
2025-03-16,0:00-6:00,26998.483899999996,26998.483899999996,0.0,0.0,0.0,0.0
2025-03-16,6:00-12:00,5140.2212,6675.295300000001,1535.0740999999998,1535.0740999999998,0.0,5.158
2025-03-16,12:00-18:00,16033.393,16815.876800000002,782.4838,782.4838,0.0,0.0
2025-03-16,18:00-24:00,20815.382199999993,21039.261499999993,223.87930000000003,223.87930000000003,0.0,0.0
2025-03-17,0:00-6:00,27312.6638,27312.6638,0.0,0.0,0.0,0.0
2025-03-17,6:00-12:00,4372.841,4775.1697,402.32869999999997,402.32869999999997,0.0,256.8977
2025-03-17,12:00-18:00,12696.365800000001,13294.871500000001,598.5056999999999,598.5056999999999,0.0,0.0
2025-03-17,18:00-24:00,20733.110599999993,20890.607299999992,157.4967,157.4967,0.0,0.0
2025-03-18,0:00-6:00,27316.346699999995,27316.346699999995,0.0,0.0,0.0,0.0
2025-03-18,6:00-12:00,9877.3996,9881.3449,3.9452999999999747,3.9452999999999747,0.0,0.0
2025-03-18,12:00-18:00,15781.4503,15823.018,41.567700000000066,41.567700000000066,0.0,0.0
2025-03-18,18:00-24:00,20746.730999999992,20753.216999999993,6.48599999999999,6.48599999999999,0.0,0.0
2025-03-19,0:00-6:00,26886.064499999997,26886.064499999997,0.0,0.0,0.0,0.0
2025-03-19,6:00-12:00,1101.0649,4121.5111,3020.4462,3020.4462,0.0,197.6222
2025-03-19,12:00-18:00,10930.9467,13210.3398,2279.3931000000002,2279.3931000000002,0.0,0.0
2025-03-19,18:00-24:00,20747.999199999995,20771.106099999994,23.106899999999882,23.106899999999882,0.0,64.5864
2025-03-20,0:00-6:00,27804.57609999999,27804.57609999999,0.0,0.0,0.0,0.0
2025-03-20,6:00-12:00,3770.5889,4968.632199999999,1198.0432999999998,1198.0432999999998,0.0,583.7359
2025-03-20,12:00-18:00,16752.1431,17434.094399999998,681.9513000000001,681.9513000000001,0.0,0.0
2025-03-20,18:00-24:00,20739.188599999994,20832.045699999995,92.85710000000006,92.85710000000006,0.0,0.0
2025-03-21,0:00-6:00,15332.846100000002,15533.8442,200.99809999999997,200.99809999999997,0.0,0.0
2025-03-21,6:00-12:00,0.0,0.0,0.0,0.0,0.0,166.3586
2025-03-21,12:00-18:00,2236.4386,2441.3466,204.908,204.908,0.0,0.0
2025-03-21,18:00-24:00,13479.184500000001,13561.9243,82.73979999999995,82.73979999999995,0.0,126.80800000000002
2025-03-22,0:00-6:00,14891.1876,14891.1876,0.0,0.0,0.0,0.0
2025-03-22,6:00-12:00,0.0,0.0,0.0,0.0,0.0,20.0053
2025-03-22,12:00-18:00,2672.8768000000005,2676.3710000000005,3.494199999999992,3.494199999999992,0.0,0.0
2025-03-22,18:00-24:00,13565.7679,13572.7778,7.009899999999959,7.009899999999959,0.0,71.6057
2025-03-23,0:00-6:00,26758.458599999994,26758.458599999994,0.0,0.0,0.0,0.0
2025-03-23,6:00-12:00,6983.0234,7390.2874,407.26399999999984,407.26399999999984,0.0,92.9255
2025-03-23,12:00-18:00,15151.9074,15317.3834,165.476,165.476,0.0,0.0
2025-03-23,18:00-24:00,20501.941499999994,20609.585599999995,107.64409999999987,107.64409999999987,0.0,0.0
2025-03-24,0:00-6:00,27001.364999999998,27001.364999999998,0.0,0.0,0.0,0.0
2025-03-24,6:00-12:00,5378.5787,5378.5787,0.0,0.0,0.0,71.2363
2025-03-24,12:00-18:00,12631.967200000001,13490.0871,858.1199,858.1199,0.0,0.0
2025-03-24,18:00-24:00,20525.27799999999,20651.58129999999,126.30329999999981,126.30329999999981,0.0,0.0
2025-03-25,0:00-6:00,26971.054499999995,26971.054499999995,0.0,0.0,0.0,0.0
2025-03-25,6:00-12:00,8849.138299999999,8853.4926,4.3542999999999665,4.3542999999999665,0.0,0.0
2025-03-25,12:00-18:00,16354.5418,16377.037100000001,22.495300000000043,22.495300000000043,0.0,0.0
2025-03-25,18:00-24:00,20579.671899999994,20811.885999999995,232.2141000000002,232.2141000000002,0.0,0.0
2025-03-26,0:00-6:00,27260.805499999995,27260.805499999995,0.0,0.0,0.0,0.0
2025-03-26,6:00-12:00,648.8717,3038.8464999999997,2389.9748,2389.9748,0.0,92.2687
2025-03-26,12:00-18:00,14189.422199999999,14302.8388,113.41660000000002,113.41660000000002,0.0,0.0
2025-03-26,18:00-24:00,20588.567799999993,20722.126999999993,133.5592000000001,133.5592000000001,0.0,0.0
2025-03-27,0:00-6:00,26953.120499999994,26953.120499999994,0.0,0.0,0.0,0.0
2025-03-27,6:00-12:00,5355.346799999999,5373.9922,18.645399999999995,18.645399999999995,0.0,0.0
2025-03-27,12:00-18:00,13466.064999999999,13511.929800000002,45.864799999999946,45.864799999999946,0.0,0.0
2025-03-27,18:00-24:00,20572.316199999994,20793.628299999997,221.3121000000002,221.3121000000002,0.0,0.0
2025-03-28,0:00-6:00,15257.785299999998,15257.785299999998,0.0,0.0,0.0,0.0
2025-03-28,6:00-12:00,0.0,0.0,0.0,0.0,0.0,60.0773
2025-03-28,12:00-18:00,1902.7678,1950.6258,47.857999999999976,47.857999999999976,0.0,0.0
2025-03-28,18:00-24:00,13342.9179,13429.289400000001,86.37150000000003,86.37150000000003,0.0,225.0256
2025-03-29,0:00-6:00,14260.215800000002,14260.215800000002,0.0,0.0,0.0,0.0
2025-03-29,6:00-12:00,0.0,0.0,0.0,0.0,0.0,32.0411
2025-03-29,12:00-18:00,1431.6616999999999,1882.7009,451.0392,451.0392,0.0,0.0
2025-03-29,18:00-24:00,13217.59,13368.6013,151.01130000000003,151.01130000000003,0.0,417.1536
2025-03-30,0:00-6:00,26758.498199999998,26758.498199999998,0.0,0.0,0.0,0.0
2025-03-30,6:00-12:00,5188.883099999999,5599.0455,410.1624,410.1624,0.0,0.0
2025-03-30,12:00-18:00,12913.0941,12917.2316,4.137499999999932,4.137499999999932,0.0,0.0
2025-03-30,18:00-24:00,20516.841799999995,20717.435599999993,200.59379999999993,200.59379999999993,0.0,0.0
2025-03-31,0:00-6:00,25987.370499999997,27184.326199999996,1196.9557,1196.9557,0.0,0.0
2025-03-31,6:00-12:00,0.0,1878.9945,1878.9945,1878.9945,0.0,0.0
2025-03-31,12:00-18:00,10464.0903,12557.1566,2093.0663000000004,2093.0663000000004,0.0,0.0
2025-03-31,18:00-24:00,20490.290499999992,20542.969699999994,52.679200000000094,52.679200000000094,0.0,70.2504
2025-04-01,0:00-6:00,27891.5136,27891.5136,0.0,0.0,0.0,0.0
2025-04-01,6:00-12:00,7191.1629,7228.699800000001,37.5369,37.5369,0.0,0.0
2025-04-01,12:00-18:00,14930.578100000002,15693.5074,762.9293,762.9293,0.0,0.0
2025-04-01,18:00-24:00,20405.304299999996,20585.777899999994,180.47359999999992,180.47359999999992,0.0,0.0
2025-04-02,0:00-6:00,27477.772899999996,27477.772899999996,0.0,0.0,0.0,0.0
2025-04-02,6:00-12:00,7468.047700000001,8597.855099999999,1129.8073999999997,1129.8073999999997,0.0,0.0
2025-04-02,12:00-18:00,11068.919400000002,11649.181700000001,580.2623,580.2623,0.0,0.0
2025-04-02,18:00-24:00,20266.889499999994,20469.010199999993,202.12069999999983,202.12069999999983,0.0,0.0
2025-04-03,0:00-6:00,27370.696999999996,27370.696999999996,0.0,0.0,0.0,0.0
2025-04-03,6:00-12:00,5339.270100000001,5350.1692,10.899099999999976,10.899099999999976,0.0,0.0
2025-04-03,12:00-18:00,14058.6481,14058.6481,0.0,0.0,0.0,0.0
2025-04-03,18:00-24:00,20435.566799999993,20582.802899999995,147.23610000000008,147.23610000000008,0.0,0.0
2025-04-04,0:00-6:00,14195.014199999998,14195.014199999998,0.0,0.0,0.0,0.0
2025-04-04,6:00-12:00,0.0,0.0,0.0,0.0,0.0,132.6545
2025-04-04,12:00-18:00,1379.9132,1499.5219,119.60869999999994,119.60869999999994,0.0,0.0
2025-04-04,18:00-24:00,13174.132500000002,13320.7125,146.5799999999999,146.5799999999999,0.0,152.9247
2025-04-05,0:00-6:00,13555.726299999998,13691.0669,135.3406,135.3406,0.0,0.0
2025-04-05,6:00-12:00,0.0,0.0,0.0,0.0,0.0,70.0523
2025-04-05,12:00-18:00,1275.6281,1414.3536,138.7255,138.7255,0.0,0.0
2025-04-05,18:00-24:00,13124.106300000001,13419.0544,294.94809999999995,294.94809999999995,0.0,1671.8327
2025-04-06,0:00-6:00,26977.508499999996,26977.508499999996,0.0,0.0,0.0,0.0
2025-04-06,6:00-12:00,4073.0243,4122.8045,49.780200000000036,49.780200000000036,0.0,0.0
2025-04-06,12:00-18:00,11946.857100000001,12650.497500000001,703.6404000000002,703.6404000000002,0.0,0.0
2025-04-06,18:00-24:00,20199.904899999994,20383.20049999999,183.2956000000001,183.2956000000001,0.0,0.0
2025-04-07,0:00-6:00,26594.6509,27176.7896,582.1387,582.1387,0.0,0.0
2025-04-07,6:00-12:00,0.0,845.8101999999999,845.8101999999999,845.8101999999999,0.0,0.0
2025-04-07,12:00-18:00,8913.4061,11710.274500000001,2796.8684000000003,2796.8684000000003,0.0,0.0
2025-04-07,18:00-24:00,20193.168699999995,20297.210499999994,104.0418,104.0418,0.0,0.0
2025-04-08,0:00-6:00,27441.179399999997,27441.179399999997,0.0,0.0,0.0,0.0
2025-04-08,6:00-12:00,3524.2183,3916.5697999999998,392.35150000000004,392.35150000000004,0.0,1.1533
2025-04-08,12:00-18:00,13240.1329,13288.6545,48.521600000000035,48.521600000000035,0.0,0.0
2025-04-08,18:00-24:00,20265.254799999995,20410.445899999995,145.19109999999995,145.19109999999995,0.0,0.0
2025-04-09,0:00-6:00,27283.672399999996,27283.672399999996,0.0,0.0,0.0,0.0
2025-04-09,6:00-12:00,1918.8837999999998,4611.4772,2692.5934,2692.5934,0.0,163.7988
2025-04-09,12:00-18:00,13292.5907,13678.5054,385.9146999999999,385.9146999999999,0.0,0.0
2025-04-09,18:00-24:00,20223.400199999993,20412.669599999994,189.2694000000002,189.2694000000002,0.0,0.0
2025-04-10,0:00-6:00,27338.534799999994,27338.534799999994,0.0,0.0,0.0,0.0
2025-04-10,6:00-12:00,403.5585,2298.1207999999997,1894.5623,1894.5623,0.0,89.14
2025-04-10,12:00-18:00,12677.0273,12731.0062,53.97889999999995,53.97889999999995,0.0,0.0
2025-04-10,18:00-24:00,20522.311799999996,20733.936799999992,211.6249999999999,211.6249999999999,0.0,0.0
2025-04-11,0:00-6:00,13812.480800000001,14027.807900000002,215.32709999999997,215.32709999999997,0.0,0.0
2025-04-11,6:00-12:00,0.0,0.0,0.0,0.0,0.0,296.2548
2025-04-11,12:00-18:00,969.8477,1113.1992,143.35149999999993,143.35149999999993,0.0,0.0
2025-04-11,18:00-24:00,13036.500600000001,13256.423900000002,219.92329999999998,219.92329999999998,0.0,481.2349
2025-04-12,0:00-6:00,13514.683100000002,13514.683100000002,0.0,0.0,0.0,0.0
2025-04-12,6:00-12:00,0.0,0.0,0.0,0.0,0.0,107.4394
2025-04-12,12:00-18:00,1796.7447000000002,1796.7447000000002,0.0,0.0,0.0,0.0
2025-04-12,18:00-24:00,13246.0437,13338.512200000001,92.46850000000003,92.46850000000003,0.0,147.791
2025-04-13,0:00-6:00,26564.177499999998,26743.764999999996,179.58750000000003,179.58750000000003,0.0,0.0
2025-04-13,6:00-12:00,483.2706,1624.2957000000001,1141.0251,1141.0251,0.0,0.0
2025-04-13,12:00-18:00,10504.9686,10813.011,308.0424,308.0424,0.0,0.0
2025-04-13,18:00-24:00,20309.456499999993,20431.438899999994,121.98240000000004,121.98240000000004,0.0,0.0
2025-04-14,0:00-6:00,27626.678499999995,27626.678499999995,0.0,0.0,0.0,0.0
2025-04-14,6:00-12:00,1967.7597,2273.7451,305.98539999999997,305.98539999999997,0.0,46.8424
2025-04-14,12:00-18:00,12613.3889,12717.5228,104.13389999999998,104.13389999999998,0.0,0.0
2025-04-14,18:00-24:00,20276.185199999993,20513.443099999993,237.25790000000018,237.25790000000018,0.0,0.0
2025-04-15,0:00-6:00,25710.259799999996,26583.283499999998,873.0237000000001,873.0237000000001,0.0,0.0
2025-04-15,6:00-12:00,0.0,191.2739,191.2739,191.2739,0.0,0.0
2025-04-15,12:00-18:00,7741.310600000002,9352.2083,1610.8977,1610.8977,0.0,0.0
2025-04-15,18:00-24:00,20069.210999999992,20227.139799999994,157.92879999999997,157.92879999999997,0.0,122.71380000000002
2025-04-16,0:00-6:00,27697.648899999997,27697.648899999997,0.0,0.0,0.0,0.0
2025-04-16,6:00-12:00,2262.1398,2909.5467,647.4069000000001,647.4069000000001,0.0,0.0
2025-04-16,12:00-18:00,10460.2056,11546.1194,1085.9138000000003,1085.9138000000003,0.0,0.0
2025-04-16,18:00-24:00,20053.377899999992,20360.220299999994,306.8424,306.8424,0.0,0.0
2025-04-17,0:00-6:00,24973.598099999996,27099.710899999995,2126.1128,2126.1128,0.0,0.0
2025-04-17,6:00-12:00,0.0,442.8766,442.8766,442.8766,0.0,0.0
2025-04-17,12:00-18:00,9389.8261,11106.7918,1716.9657,1716.9657,0.0,0.0
2025-04-17,18:00-24:00,20163.887299999995,20327.397799999995,163.51049999999995,163.51049999999995,0.0,0.0
2025-04-18,0:00-6:00,13978.844500000003,14119.441300000002,140.59680000000003,140.59680000000003,0.0,0.0
2025-04-18,6:00-12:00,0.0,0.0,0.0,0.0,0.0,99.1634
2025-04-18,12:00-18:00,980.8492999999999,1083.9978,103.14849999999998,103.14849999999998,0.0,0.0
2025-04-18,18:00-24:00,13040.036900000001,13169.9408,129.90390000000002,129.90390000000002,0.0,829.0409999999999
2025-04-19,0:00-6:00,13214.7621,13214.7621,0.0,0.0,0.0,0.0
2025-04-19,6:00-12:00,0.0,0.0,0.0,0.0,0.0,157.5099
2025-04-19,12:00-18:00,425.14790000000005,1057.4760999999999,632.3281999999999,632.3281999999999,0.0,0.0
2025-04-19,18:00-24:00,12799.478500000001,12973.5386,174.06010000000006,174.06010000000006,0.0,279.1027
2025-04-20,0:00-6:00,25870.917699999998,26638.675399999996,767.7577,767.7577,0.0,0.0
2025-04-20,6:00-12:00,0.0,437.9473,437.9473,437.9473,0.0,0.0
2025-04-20,12:00-18:00,8871.7801,11200.6237,2328.8436,2328.8436,0.0,0.0
2025-04-20,18:00-24:00,20068.172599999994,20264.806499999995,196.6338999999999,196.6338999999999,0.0,0.0
2025-04-21,0:00-6:00,27385.744799999993,27542.167299999994,156.42249999999996,156.42249999999996,0.0,0.0
2025-04-21,6:00-12:00,533.2905,533.2905,0.0,0.0,0.0,0.0
2025-04-21,12:00-18:00,11253.6173,11253.6173,0.0,0.0,0.0,0.0
2025-04-21,18:00-24:00,20011.244499999993,20304.925099999993,293.6806000000002,293.6806000000002,0.0,0.0
2025-04-22,0:00-6:00,26980.518699999997,27559.368999999995,578.8503,578.8503,0.0,0.0
2025-04-22,6:00-12:00,0.0,651.907,651.907,651.907,0.0,0.0
2025-04-22,12:00-18:00,7389.746000000001,10462.816699999998,3073.0707,3073.0707,0.0,0.0
2025-04-22,18:00-24:00,19947.517999999996,20166.527699999995,219.00970000000007,219.00970000000007,0.0,200.2649
2025-04-23,0:00-6:00,25373.7001,27648.482599999996,2274.7825000000003,2274.7825000000003,0.0,0.0
2025-04-23,6:00-12:00,0.0,538.7838,538.7838,538.7838,0.0,0.0
2025-04-23,12:00-18:00,7037.4023,10092.949499999999,3055.5471999999995,3055.5471999999995,0.0,0.0
2025-04-23,18:00-24:00,19996.949499999995,20232.928199999995,235.97869999999972,235.97869999999972,0.0,0.0
2025-04-24,0:00-6:00,25828.476999999995,26011.995199999998,183.51819999999998,183.51819999999998,0.0,0.0
2025-04-24,6:00-12:00,0.0,0.0,0.0,0.0,0.0,0.0
2025-04-24,12:00-18:00,7467.5196000000005,8892.4245,1424.9049,1424.9049,0.0,0.0
2025-04-24,18:00-24:00,19928.829399999995,20049.943999999992,121.11459999999983,121.11459999999983,0.0,78.1366
2025-04-25,0:00-6:00,13491.4156,13519.3778,27.96220000000001,27.96220000000001,0.0,0.0
2025-04-25,6:00-12:00,0.0,0.0,0.0,0.0,0.0,200.0279
2025-04-25,12:00-18:00,947.0403,1044.0202,96.97989999999999,96.97989999999999,0.0,0.0
2025-04-25,18:00-24:00,12773.412900000001,12793.2926,19.879699999999957,19.879699999999957,0.0,273.7058
2025-04-26,0:00-6:00,12483.4906,12538.3781,54.88749999999999,54.88749999999999,0.0,0.0
2025-04-26,6:00-12:00,0.0,0.0,0.0,0.0,0.0,174.3813
2025-04-26,12:00-18:00,910.3824999999999,1192.1422,281.75969999999995,281.75969999999995,0.0,0.0
2025-04-26,18:00-24:00,12892.142600000003,12956.902000000002,64.7594,64.7594,0.0,396.6078
2025-04-27,0:00-6:00,23784.520699999997,26272.465599999996,2487.9449,2487.9449,0.0,0.0
2025-04-27,6:00-12:00,0.0,307.8226,307.8226,307.8226,0.0,0.0
2025-04-27,12:00-18:00,7902.679799999999,8894.1897,991.5098999999999,991.5098999999999,0.0,0.0
2025-04-27,18:00-24:00,19870.407899999995,20034.67399999999,164.26610000000005,164.26610000000005,0.0,67.8239
2025-04-28,0:00-6:00,27811.825399999994,27811.825399999994,0.0,0.0,0.0,0.0
2025-04-28,6:00-12:00,2107.6729,4860.5024,2752.8295,2752.8295,0.0,0.0
2025-04-28,12:00-18:00,12340.002700000001,12481.6869,141.68420000000015,141.68420000000015,0.0,0.0
2025-04-28,18:00-24:00,19939.818099999993,20077.841399999994,138.02330000000003,138.02330000000003,0.0,0.0
2025-04-29,0:00-6:00,23291.021899999996,25542.780099999996,2251.7582,2251.7582,0.0,0.0
2025-04-29,6:00-12:00,0.0,0.0,0.0,0.0,0.0,0.0
2025-04-29,12:00-18:00,8507.5359,9699.2832,1191.7473,1191.7473,0.0,0.0
2025-04-29,18:00-24:00,19897.938599999994,20047.968099999995,150.02950000000004,150.02950000000004,0.0,0.0
2025-04-30,0:00-6:00,22452.648699999998,23323.7647,871.116,871.116,0.0,0.0
2025-04-30,6:00-12:00,0.0,0.0,0.0,0.0,0.0,401.3633
2025-04-30,12:00-18:00,7840.5345,8324.9841,484.4496,484.4496,0.0,0.0
2025-04-30,18:00-24:00,19924.38699999999,20032.389399999993,108.00239999999987,108.00239999999987,0.0,776.1806
2025-05-01,0:00-6:00,24696.779799999997,26742.826199999996,2046.0464000000002,2046.0464000000002,0.0,0.0
2025-05-01,6:00-12:00,0.0,0.0,0.0,0.0,0.0,37.7344
2025-05-01,12:00-18:00,8413.310800000001,9008.749099999999,595.4382999999997,595.4382999999997,0.0,0.0
2025-05-01,18:00-24:00,19935.142699999997,20197.484299999996,262.34159999999997,262.34159999999997,0.0,1140.5817
2025-05-02,0:00-6:00,14774.343900000003,14775.625000000004,1.2811000000000092,1.2811000000000092,0.0,0.0
2025-05-02,6:00-12:00,0.0,0.0,0.0,0.0,0.0,117.7136
2025-05-02,12:00-18:00,1460.2215,1480.6019000000001,20.380399999999995,20.380399999999995,0.0,0.0
2025-05-02,18:00-24:00,13122.132000000001,13447.1856,325.05359999999996,325.05359999999996,0.0,1652.5219
2025-05-03,0:00-6:00,13354.2371,13354.2371,0.0,0.0,0.0,0.0
2025-05-03,6:00-12:00,0.0,0.0,0.0,0.0,0.0,98.2322
2025-05-03,12:00-18:00,1105.7860999999998,1279.4728000000002,173.68670000000003,173.68670000000003,0.0,0.0
2025-05-03,18:00-24:00,13929.811100000003,14018.209000000003,88.39789999999988,88.39789999999988,0.0,1079.3316
2025-05-04,0:00-6:00,26017.082099999996,26017.082099999996,0.0,0.0,0.0,0.0
2025-05-04,6:00-12:00,0.0,0.0,0.0,0.0,0.0,0.0
2025-05-04,12:00-18:00,9371.893800000002,9373.618300000002,1.7245000000000061,1.7245000000000061,0.0,0.0
2025-05-04,18:00-24:00,20386.517099999994,20698.220199999992,311.7031000000001,311.7031000000001,0.0,244.9487
2025-05-05,0:00-6:00,28618.020099999998,28618.020099999998,0.0,0.0,0.0,0.0
2025-05-05,6:00-12:00,45.6962,1640.658,1594.9618,1594.9618,0.0,77.8801
2025-05-05,12:00-18:00,9966.3784,11477.147299999999,1510.7689,1510.7689,0.0,0.0
2025-05-05,18:00-24:00,20973.434399999995,21208.65589999999,235.22149999999988,235.22149999999988,0.0,0.0
2025-05-06,0:00-6:00,24218.8317,27412.463199999995,3193.6315000000004,3193.6315000000004,0.0,0.0
2025-05-06,6:00-12:00,0.0,120.6393,120.6393,120.6393,0.0,0.0
2025-05-06,12:00-18:00,7654.573799999999,9033.189699999999,1378.6159,1378.6159,0.0,0.0
2025-05-06,18:00-24:00,21173.190899999994,21485.023999999994,311.83310000000006,311.83310000000006,0.0,0.0
2025-05-07,0:00-6:00,25886.612699999998,28189.3839,2302.7712,2302.7712,0.0,0.0
2025-05-07,6:00-12:00,0.0,418.3953,418.3953,418.3953,0.0,0.0
2025-05-07,12:00-18:00,9437.646900000002,11403.8775,1966.2305999999999,1966.2305999999999,0.0,0.0
2025-05-07,18:00-24:00,21757.508599999994,22032.016299999996,274.50770000000006,274.50770000000006,0.0,0.0
2025-05-08,0:00-6:00,27755.139399999996,27755.139399999996,0.0,0.0,0.0,0.0
2025-05-08,6:00-12:00,1343.3252,1496.7728,153.44759999999997,153.44759999999997,0.0,0.0
2025-05-08,12:00-18:00,10550.9377,11143.015900000002,592.0782000000002,592.0782000000002,0.0,0.0
2025-05-08,18:00-24:00,21920.622099999993,22118.530799999993,197.9086999999998,197.9086999999998,0.0,0.0
2025-05-09,0:00-6:00,13786.0287,14002.647299999999,216.6186,216.6186,0.0,0.0
2025-05-09,6:00-12:00,0.0,0.0,0.0,0.0,0.0,158.7749
2025-05-09,12:00-18:00,1274.5122000000001,1559.5352000000003,285.02299999999997,285.02299999999997,0.0,0.0
2025-05-09,18:00-24:00,14565.2042,14821.514500000001,256.3103,256.3103,0.0,283.5625
2025-05-10,0:00-6:00,12693.383600000001,12693.383600000001,0.0,0.0,0.0,0.0
2025-05-10,6:00-12:00,0.0,0.0,0.0,0.0,0.0,50.4944
2025-05-10,12:00-18:00,980.4733000000001,1508.7359,528.2626,528.2626,0.0,0.0
2025-05-10,18:00-24:00,14465.6339,14537.996500000001,72.36260000000001,72.36260000000001,0.0,664.5445
2025-05-11,0:00-6:00,26704.974299999998,26924.759499999996,219.78519999999997,219.78519999999997,0.0,0.0
2025-05-11,6:00-12:00,447.285,502.8688,55.5838,55.5838,0.0,0.0
2025-05-11,12:00-18:00,9723.6668,10563.5784,839.9115999999999,839.9115999999999,0.0,0.0
2025-05-11,18:00-24:00,21882.663799999995,22037.960099999993,155.2963,155.2963,0.0,0.0
2025-05-12,0:00-6:00,23024.3406,27100.327299999997,4075.9867,4075.9867,0.0,0.0
2025-05-12,6:00-12:00,0.0,0.0,0.0,0.0,0.0,0.0
2025-05-12,12:00-18:00,7287.3751,9374.3325,2086.9573999999993,2086.9573999999993,0.0,0.0
2025-05-12,18:00-24:00,21945.560699999995,22228.741099999992,283.1804,283.1804,0.0,0.0
2025-05-13,0:00-6:00,27383.830399999995,27383.830399999995,0.0,0.0,0.0,0.0
2025-05-13,6:00-12:00,2871.4175000000005,3411.331,539.9134999999999,539.9134999999999,0.0,0.0
2025-05-13,12:00-18:00,9191.8154,10458.1869,1266.3715000000002,1266.3715000000002,0.0,0.0
2025-05-13,18:00-24:00,21847.103599999995,22027.990299999994,180.88670000000022,180.88670000000022,0.0,0.0
2025-05-14,0:00-6:00,26337.024099999995,27228.772399999998,891.7483,891.7483,0.0,0.0
2025-05-14,6:00-12:00,0.0,1368.4282,1368.4282,1368.4282,0.0,0.0
2025-05-14,12:00-18:00,9915.287100000001,11309.6545,1394.3674,1394.3674,0.0,0.0
2025-05-14,18:00-24:00,22028.413199999995,22073.331099999996,44.9179000000002,44.9179000000002,0.0,0.0
2025-05-15,0:00-6:00,24076.147399999994,26462.680199999995,2386.5328000000004,2386.5328000000004,0.0,0.0
2025-05-15,6:00-12:00,0.0,0.0,0.0,0.0,0.0,0.0
2025-05-15,12:00-18:00,10582.7574,11311.886,729.1286,729.1286,0.0,0.0
2025-05-15,18:00-24:00,22111.943399999996,22111.943399999996,0.0,0.0,0.0,0.0
2025-05-16,0:00-6:00,12932.998099999999,13036.405499999999,103.4074,103.4074,0.0,0.0
2025-05-16,6:00-12:00,0.0,0.0,0.0,0.0,0.0,125.35949999999998
2025-05-16,12:00-18:00,1467.8631,1467.8631,0.0,0.0,0.0,0.0
2025-05-16,18:00-24:00,14570.040600000002,14643.1365,73.09590000000003,73.09590000000003,0.0,364.3333
2025-05-17,0:00-6:00,12115.423200000001,12149.2494,33.82619999999997,33.82619999999997,0.0,0.0
2025-05-17,6:00-12:00,0.0,0.0,0.0,0.0,0.0,168.7489
2025-05-17,12:00-18:00,1357.8833,1384.7329,26.84960000000001,26.84960000000001,0.0,0.0
2025-05-17,18:00-24:00,14659.3597,14960.3159,300.9562000000001,300.9562000000001,0.0,514.7361
2025-05-18,0:00-6:00,26646.561899999993,26646.561899999993,0.0,0.0,0.0,0.0
2025-05-18,6:00-12:00,1611.6511,2111.1406,499.4895000000001,499.4895000000001,0.0,0.0
2025-05-18,12:00-18:00,11194.977300000002,11415.103500000001,220.12619999999976,220.12619999999976,0.0,0.0
2025-05-18,18:00-24:00,21725.85779999999,21960.453999999994,234.59620000000012,234.59620000000012,0.0,0.0
2025-05-19,0:00-6:00,25736.884599999998,26377.254199999996,640.3696,640.3696,0.0,0.0
2025-05-19,6:00-12:00,0.0,0.0,0.0,0.0,0.0,0.0
2025-05-19,12:00-18:00,7575.590999999999,8297.0018,721.4108,721.4108,0.0,0.0
2025-05-19,18:00-24:00,21570.467999999993,21659.032399999996,88.56440000000009,88.56440000000009,0.0,0.0
2025-05-20,0:00-6:00,25055.3088,26663.160399999993,1607.8516,1607.8516,0.0,0.0
2025-05-20,6:00-12:00,0.0,580.9321,580.9321,580.9321,0.0,0.0
2025-05-20,12:00-18:00,7784.3932,10410.1051,2625.7119,2625.7119,0.0,0.0
2025-05-20,18:00-24:00,21656.215299999996,21706.223199999993,50.007899999999886,50.007899999999886,0.0,0.0
2025-05-21,0:00-6:00,22830.1132,26604.340199999995,3774.227,3774.227,0.0,0.0
2025-05-21,6:00-12:00,0.0,0.0,0.0,0.0,0.0,0.0
2025-05-21,12:00-18:00,7616.7465,9344.6565,1727.9100000000003,1727.9100000000003,0.0,0.0
2025-05-21,18:00-24:00,21741.932699999994,21825.392499999994,83.45979999999992,83.45979999999992,0.0,0.0
2025-05-22,0:00-6:00,25087.236499999995,27263.118599999994,2175.8821,2175.8821,0.0,0.0
2025-05-22,6:00-12:00,0.0,0.0,0.0,0.0,0.0,0.0
2025-05-22,12:00-18:00,8443.0901,9185.8201,742.73,742.73,0.0,0.0
2025-05-22,18:00-24:00,21791.791999999994,21878.808499999992,87.01649999999988,87.01649999999988,0.0,0.0
2025-05-23,0:00-6:00,13059.2299,13059.2299,0.0,0.0,0.0,0.0
2025-05-23,6:00-12:00,0.0,0.0,0.0,0.0,0.0,100.7922
2025-05-23,12:00-18:00,815.4233,1696.2027,880.7793999999999,880.7793999999999,0.0,0.0
2025-05-23,18:00-24:00,14665.8147,15018.4778,352.6631,352.6631,0.0,251.9396
2025-05-24,0:00-6:00,12089.520700000001,12133.147400000002,43.62669999999999,43.62669999999999,0.0,0.0
2025-05-24,6:00-12:00,0.0,0.0,0.0,0.0,0.0,55.26700000000001
2025-05-24,12:00-18:00,1159.1318,1159.1318,0.0,0.0,0.0,0.0
2025-05-24,18:00-24:00,14703.675200000001,14703.675200000001,0.0,0.0,0.0,266.4837
2025-05-25,0:00-6:00,25495.565199999997,25656.864599999997,161.2994,161.2994,0.0,0.0
2025-05-25,6:00-12:00,0.0,0.0,0.0,0.0,0.0,0.0
2025-05-25,12:00-18:00,7550.5539,8227.7837,677.2298000000001,677.2298000000001,0.0,0.0
2025-05-25,18:00-24:00,21710.414799999995,21886.550699999993,176.13590000000005,176.13590000000005,0.0,0.0
2025-05-26,0:00-6:00,23302.193699999996,27204.622399999997,3902.4287,3902.4287,0.0,0.0
2025-05-26,6:00-12:00,0.0,1687.5632,1687.5632,1687.5632,0.0,0.0
2025-05-26,12:00-18:00,8085.017699999999,10368.522400000002,2283.5047,2283.5047,0.0,0.0
2025-05-26,18:00-24:00,21805.093399999994,21845.664999999994,40.57159999999999,40.57159999999999,0.0,0.0
2025-05-27,0:00-6:00,22117.3014,25666.578299999997,3549.2769000000003,3549.2769000000003,0.0,0.0
2025-05-27,6:00-12:00,0.0,0.0,0.0,0.0,0.0,0.0
2025-05-27,12:00-18:00,7484.418,8286.8553,802.4372999999999,802.4372999999999,0.0,0.0
2025-05-27,18:00-24:00,21719.022499999992,21821.60749999999,102.58500000000004,102.58500000000004,0.0,0.0
2025-05-28,0:00-6:00,27351.825399999994,27912.464799999994,560.6394,560.6394,0.0,0.0
2025-05-28,6:00-12:00,608.9271,609.3148,0.3877,0.3877,0.0,0.0
2025-05-28,12:00-18:00,8784.5146,9869.0708,1084.5562,1084.5562,0.0,0.0
2025-05-28,18:00-24:00,21756.839999999993,21903.021699999994,146.18170000000006,146.18170000000006,0.0,0.0
2025-05-29,0:00-6:00,26605.923999999995,27127.694999999996,521.771,521.771,0.0,0.0
2025-05-29,6:00-12:00,420.7757,2365.7048,1944.9291,1944.9291,0.0,0.0
2025-05-29,12:00-18:00,8084.9347,9361.7284,1276.7937000000002,1276.7937000000002,0.0,0.0
2025-05-29,18:00-24:00,21690.822899999996,21928.130699999994,237.30780000000007,237.30780000000007,0.0,0.0
2025-05-30,0:00-6:00,13346.647099999998,13394.1472,47.500099999999975,47.500099999999975,0.0,0.0
2025-05-30,6:00-12:00,0.0,0.0,0.0,0.0,0.0,255.257
2025-05-30,12:00-18:00,1113.3033,1343.8889,230.58560000000003,230.58560000000003,0.0,0.0
2025-05-30,18:00-24:00,14562.639200000001,14748.7257,186.08649999999997,186.08649999999997,0.0,243.69880000000003
2025-05-31,0:00-6:00,12901.8897,12901.8897,0.0,0.0,0.0,0.0
2025-05-31,6:00-12:00,0.0,0.0,0.0,0.0,0.0,59.4157
2025-05-31,12:00-18:00,2056.6522,2056.6522,0.0,0.0,0.0,0.0
2025-05-31,18:00-24:00,14425.462,14479.8285,54.3664999999999,54.3664999999999,0.0,202.0197
2025-06-01,0:00-6:00,26693.194999999996,26693.194999999996,0.0,0.0,0.0,0.0
2025-06-01,6:00-12:00,5951.745400000001,10430.0028,4478.2574,4478.2574,0.0,0.0
2025-06-01,12:00-18:00,17300.468399999998,17300.468399999998,0.0,0.0,0.0,0.0
2025-06-01,18:00-24:00,21852.03459999999,23041.43499999999,1189.4004000000002,1189.4004000000002,0.0,630.7423
2025-06-02,0:00-6:00,29166.665499999996,29166.665499999996,0.0,0.0,0.0,0.0
2025-06-02,6:00-12:00,7367.4366,7888.5808,521.1442000000001,521.1442000000001,0.0,0.0
2025-06-02,12:00-18:00,18846.207999999995,18967.851399999996,121.64339999999999,121.64339999999999,0.0,0.0
2025-06-02,18:00-24:00,22505.453599999993,23635.606799999994,1130.1531999999997,1130.1531999999997,0.0,0.0
2025-06-03,0:00-6:00,29166.665499999996,29166.665499999996,0.0,0.0,0.0,0.0
2025-06-03,6:00-12:00,7923.647800000001,10118.9931,2195.3453000000004,2195.3453000000004,0.0,0.0
2025-06-03,12:00-18:00,12933.566200000001,14003.018900000001,1069.4526999999998,1069.4526999999998,0.0,0.0
2025-06-03,18:00-24:00,23007.479699999996,23952.747999999996,945.2683000000002,945.2683000000002,0.0,0.0
2025-06-04,0:00-6:00,29166.665499999996,29166.665499999996,0.0,0.0,0.0,0.0
2025-06-04,6:00-12:00,10642.299500000001,10702.6915,60.391999999999996,60.391999999999996,0.0,0.0
2025-06-04,12:00-18:00,20189.756199999996,20313.194499999998,123.43830000000003,123.43830000000003,0.0,0.0
2025-06-04,18:00-24:00,23799.47329999999,24581.35429999999,781.8809999999997,781.8809999999997,0.0,0.0
2025-06-05,0:00-6:00,29166.665499999996,29166.665499999996,0.0,0.0,0.0,0.0
2025-06-05,6:00-12:00,6319.7249,7631.9965,1312.2716,1312.2716,0.0,0.0
2025-06-05,12:00-18:00,14418.216400000001,16397.759800000003,1979.5434,1979.5434,0.0,0.0
2025-06-05,18:00-24:00,24238.779699999992,24827.798799999993,589.0191,589.0191,0.0,0.0
2025-06-06,0:00-6:00,14453.835299999999,14978.908199999998,525.0729,525.0729,0.0,0.0
2025-06-06,6:00-12:00,0.0,0.0,0.0,0.0,0.0,860.384
2025-06-06,12:00-18:00,2966.6679000000004,3330.7851000000005,364.1172,364.1172,0.0,0.0
2025-06-06,18:00-24:00,14540.6093,15678.901100000001,1138.2918,1138.2918,0.0,3135.5997
2025-06-07,0:00-6:00,17317.836199999998,17317.836199999998,0.0,0.0,0.0,0.0
2025-06-07,6:00-12:00,0.0,0.0,0.0,0.0,0.0,0.0
2025-06-07,12:00-18:00,3399.1304999999998,4061.3005000000007,662.1700000000001,662.1700000000001,0.0,0.0
2025-06-07,18:00-24:00,15894.032600000002,16910.7814,1016.7488,1016.7488,0.0,1020.5723
2025-06-08,0:00-6:00,28833.206,28833.206,0.0,0.0,0.0,0.0
2025-06-08,6:00-12:00,5398.2093,5705.5794000000005,307.37010000000004,307.37010000000004,0.0,0.0
2025-06-08,12:00-18:00,12550.7276,14609.534599999999,2058.807,2058.807,0.0,0.0
2025-06-08,18:00-24:00,25155.062699999995,25232.642599999996,77.57990000000012,77.57990000000012,0.0,0.0
2025-06-09,0:00-6:00,29166.665499999996,29166.665499999996,0.0,0.0,0.0,0.0
2025-06-09,6:00-12:00,8031.841100000001,8031.841100000001,0.0,0.0,0.0,0.0
2025-06-09,12:00-18:00,18275.466899999996,18348.016499999998,72.54959999999997,72.54959999999997,0.0,0.0
2025-06-09,18:00-24:00,26074.193499999994,26102.749999999993,28.556500000000007,28.556500000000007,0.0,0.0
2025-06-10,0:00-6:00,28871.244699999996,28871.244699999996,0.0,0.0,0.0,0.0
2025-06-10,6:00-12:00,5155.3507,5551.4697,396.1189999999999,396.1189999999999,0.0,257.6477
2025-06-10,12:00-18:00,15897.9651,17802.9273,1904.9622000000004,1904.9622000000004,0.0,0.0
2025-06-10,18:00-24:00,25404.961999999996,25487.542299999994,82.58029999999991,82.58029999999991,0.0,0.0
2025-06-11,0:00-6:00,29166.665499999996,29166.665499999996,0.0,0.0,0.0,0.0
2025-06-11,6:00-12:00,5370.8787,8958.937999999998,3588.0592999999994,3588.0592999999994,0.0,0.0
2025-06-11,12:00-18:00,20634.294899999994,21092.313899999994,458.01899999999995,458.01899999999995,0.0,0.0
2025-06-11,18:00-24:00,25694.183299999993,25777.321999999993,83.13870000000011,83.13870000000011,0.0,0.0
2025-06-12,0:00-6:00,29119.230099999997,29119.230099999997,0.0,0.0,0.0,0.0
2025-06-12,6:00-12:00,5786.4576,6330.4519,543.9943000000001,543.9943000000001,0.0,0.0
2025-06-12,12:00-18:00,18151.654199999997,18900.866199999997,749.212,749.212,0.0,0.0
2025-06-12,18:00-24:00,25662.872299999995,25730.605299999996,67.73300000000012,67.73300000000012,0.0,0.0
2025-06-13,0:00-6:00,15846.1428,15894.141099999999,47.99829999999997,47.99829999999997,0.0,0.0
2025-06-13,6:00-12:00,0.0,0.0,0.0,0.0,0.0,13.859800000000002
2025-06-13,12:00-18:00,3979.2188,3993.0443000000005,13.825499999999977,13.825499999999977,0.0,0.0
2025-06-13,18:00-24:00,17501.749799999998,17542.1079,40.35810000000001,40.35810000000001,0.0,443.8446
2025-06-14,0:00-6:00,14212.6471,14367.9003,155.25320000000002,155.25320000000002,0.0,0.0
2025-06-14,6:00-12:00,0.0,0.0,0.0,0.0,0.0,195.6779
2025-06-14,12:00-18:00,4040.5398999999998,4040.5398999999998,0.0,0.0,0.0,0.0
2025-06-14,18:00-24:00,17534.250799999998,17534.250799999998,0.0,0.0,0.0,135.4975
2025-06-15,0:00-6:00,28499.184399999995,28499.184399999995,0.0,0.0,0.0,0.0
2025-06-15,6:00-12:00,2642.8343999999997,5648.7279,3005.893499999999,3005.893499999999,0.0,0.0
2025-06-15,12:00-18:00,15824.299799999999,17671.9148,1847.6150000000002,1847.6150000000002,0.0,0.0
2025-06-15,18:00-24:00,25219.761099999992,25219.761099999992,0.0,0.0,0.0,0.0
2025-06-16,0:00-6:00,28912.283399999997,29166.665499999996,254.38210000000004,254.38210000000004,0.0,0.0
2025-06-16,6:00-12:00,4643.0962,7446.9884999999995,2803.8923,2803.8923,0.0,0.0
2025-06-16,12:00-18:00,18221.1755,18845.2757,624.1002,624.1002,0.0,0.0
2025-06-16,18:00-24:00,25070.681399999994,25265.487499999996,194.8061,194.8061,0.0,0.0
2025-06-17,0:00-6:00,28889.925299999995,28917.410699999997,27.485399999999913,27.485399999999913,0.0,0.0
2025-06-17,6:00-12:00,3973.8061000000002,6246.6869,2272.8808000000004,2272.8808000000004,0.0,0.0
2025-06-17,12:00-18:00,19622.663699999997,20715.447999999997,1092.7842999999998,1092.7842999999998,0.0,0.0
2025-06-17,18:00-24:00,25105.545799999993,25107.283099999993,1.737300000000019,1.737300000000019,0.0,0.0
2025-06-18,0:00-6:00,28873.174199999998,29166.665499999996,293.4913,293.4913,0.0,0.0
2025-06-18,6:00-12:00,5690.640200000001,7169.636100000001,1478.9959,1478.9959,0.0,0.0
2025-06-18,12:00-18:00,18968.643999999997,19362.884299999994,394.24030000000005,394.24030000000005,0.0,0.0
2025-06-18,18:00-24:00,25171.319699999993,25187.668499999992,16.348799999999983,16.348799999999983,0.0,0.0
2025-06-19,0:00-6:00,28747.052399999997,28747.052399999997,0.0,0.0,0.0,0.0
2025-06-19,6:00-12:00,6756.2955,6993.6437,237.34819999999996,237.34819999999996,0.0,0.0
2025-06-19,12:00-18:00,13447.564800000002,17037.2286,3589.6638000000003,3589.6638000000003,0.0,0.0
2025-06-19,18:00-24:00,24693.148299999993,25018.577799999992,325.4295000000001,325.4295000000001,0.0,0.0
2025-06-20,0:00-6:00,14669.478499999997,14669.478499999997,0.0,0.0,0.0,0.0
2025-06-20,6:00-12:00,0.0,0.0,0.0,0.0,0.0,36.4547
2025-06-20,12:00-18:00,4114.9513,4114.9513,0.0,0.0,0.0,0.0
2025-06-20,18:00-24:00,17541.907199999998,17541.907199999998,0.0,0.0,0.0,81.912
2025-06-21,0:00-6:00,14345.902000000002,14345.902000000002,0.0,0.0,0.0,0.0
2025-06-21,6:00-12:00,0.0,0.0,0.0,0.0,0.0,170.3791
2025-06-21,12:00-18:00,3281.7113,3309.7063,27.994999999999976,27.994999999999976,0.0,0.0
2025-06-21,18:00-24:00,17369.0173,17505.7372,136.71989999999994,136.71989999999994,0.0,0.0
2025-06-22,0:00-6:00,28047.804799999994,28047.804799999994,0.0,0.0,0.0,0.0
2025-06-22,6:00-12:00,3980.5325000000003,4248.3628,267.8303,267.8303,0.0,0.0
2025-06-22,12:00-18:00,13774.759300000002,16287.747800000001,2512.9885,2512.9885,0.0,0.0
2025-06-22,18:00-24:00,24675.041399999995,24863.223299999994,188.18189999999993,188.18189999999993,0.0,0.0
2025-06-23,0:00-6:00,28954.401599999997,29068.062199999997,113.66060000000004,113.66060000000004,0.0,0.0
2025-06-23,6:00-12:00,4161.0346,4913.7015,752.6669,752.6669,0.0,0.0
2025-06-23,12:00-18:00,14671.187800000002,16086.215600000001,1415.0278,1415.0278,0.0,0.0
2025-06-23,18:00-24:00,25216.924499999994,25217.582799999996,0.658299999999997,0.658299999999997,0.0,0.0
2025-06-24,0:00-6:00,29033.814499999997,29033.814499999997,0.0,0.0,0.0,0.0
2025-06-24,6:00-12:00,8708.6872,10078.9136,1370.2264,1370.2264,0.0,0.0
2025-06-24,12:00-18:00,20820.648999999994,20820.648999999994,0.0,0.0,0.0,0.0
2025-06-24,18:00-24:00,25272.377099999994,25368.252799999995,95.87570000000008,95.87570000000008,0.0,0.0
2025-06-25,0:00-6:00,28913.177599999995,28913.177599999995,0.0,0.0,0.0,0.0
2025-06-25,6:00-12:00,7691.5839000000005,9115.7332,1424.1493,1424.1493,0.0,0.0
2025-06-25,12:00-18:00,13465.4794,15973.0818,2507.6023999999998,2507.6023999999998,0.0,0.0
2025-06-25,18:00-24:00,24613.976499999997,24771.657999999996,157.68149999999986,157.68149999999986,0.0,0.0
2025-06-26,0:00-6:00,28965.444399999997,28965.444399999997,0.0,0.0,0.0,0.0
2025-06-26,6:00-12:00,5544.5989,7488.816499999999,1944.2176,1944.2176,0.0,0.0
2025-06-26,12:00-18:00,11715.5303,15015.8701,3300.3397999999997,3300.3397999999997,0.0,0.0
2025-06-26,18:00-24:00,24982.069999999996,25006.846399999995,24.776399999999967,24.776399999999967,0.0,0.0
2025-06-27,0:00-6:00,15510.0977,15510.0977,0.0,0.0,0.0,0.0
2025-06-27,6:00-12:00,0.0,0.0,0.0,0.0,0.0,0.0
2025-06-27,12:00-18:00,3965.1976999999997,3965.1976999999997,0.0,0.0,0.0,0.0
2025-06-27,18:00-24:00,16982.6393,16982.6393,0.0,0.0,0.0,341.2036
2025-06-28,0:00-6:00,13870.238399999998,14112.3403,242.1019,242.1019,0.0,0.0
2025-06-28,6:00-12:00,0.0,0.0,0.0,0.0,0.0,107.2974
2025-06-28,12:00-18:00,3309.4347,3329.8064,20.371699999999976,20.371699999999976,0.0,0.0
2025-06-28,18:00-24:00,16860.7507,16920.1747,59.424000000000035,59.424000000000035,0.0,139.2536
2025-06-29,0:00-6:00,28125.403599999998,28125.403599999998,0.0,0.0,0.0,0.0
2025-06-29,6:00-12:00,4895.3293,6157.848800000001,1262.5194999999997,1262.5194999999997,0.0,111.30390000000001
2025-06-29,12:00-18:00,11611.818300000003,16397.3837,4785.5653999999995,4785.5653999999995,0.0,0.0
2025-06-29,18:00-24:00,24499.687299999994,24878.994399999996,379.3071,379.3071,0.0,0.0
2025-06-30,0:00-6:00,29166.665499999996,29166.665499999996,0.0,0.0,0.0,0.0
2025-06-30,6:00-12:00,6176.1586,6583.1431,406.98450000000014,406.98450000000014,0.0,293.3589
2025-06-30,12:00-18:00,16404.6924,16729.3436,324.6511999999999,324.6511999999999,0.0,0.0
2025-06-30,18:00-24:00,24623.327899999993,24767.777599999994,144.4497,144.4497,0.0,0.0
2025-07-01,0:00-6:00,28844.005899999996,29166.665499999996,322.6596,322.6596,0.0,0.0
2025-07-01,6:00-12:00,2523.6751,10455.8665,7932.1914,7932.1914,0.0,776.6287
2025-07-01,12:00-18:00,10581.310300000001,16174.5594,5593.2491,5593.2491,0.0,0.0
2025-07-01,18:00-24:00,24457.812499999996,28119.005499999992,3661.193,3661.193,0.0,0.0
2025-07-02,0:00-6:00,28333.332199999997,29166.665499999996,833.3333,833.3333,0.0,0.0
2025-07-02,6:00-12:00,483.7766,6156.7311,5672.9545,5672.9545,0.0,1321.4497000000001
2025-07-02,12:00-18:00,11447.9161,13980.7882,2532.8721000000005,2532.8721000000005,0.0,0.0
2025-07-02,18:00-24:00,25402.674099999993,28099.713099999994,2697.0389999999998,2697.0389999999998,0.0,0.0
2025-07-03,0:00-6:00,29166.665499999996,29166.665499999996,0.0,0.0,0.0,0.0
2025-07-03,6:00-12:00,6292.3562,11333.774200000002,5041.418000000001,5041.418000000001,0.0,198.28959999999998
2025-07-03,12:00-18:00,14734.970000000001,17341.526,2606.556,2606.556,0.0,0.0
2025-07-03,18:00-24:00,26241.514299999995,28496.82319999999,2255.3089,2255.3089,0.0,0.0
2025-07-04,0:00-6:00,15070.5715,15948.807200000001,878.2357,878.2357,0.0,1379.4936
2025-07-04,6:00-12:00,0.0,0.0,0.0,0.0,0.0,1379.4936
2025-07-04,12:00-18:00,1836.4209,3377.5045000000005,1541.0836,1541.0836,0.0,0.0
2025-07-04,18:00-24:00,16755.5334,20349.228799999997,3593.6953999999996,3593.6953999999996,0.0,0.0
2025-07-05,0:00-6:00,17235.4236,17577.0524,341.62879999999996,341.62879999999996,0.0,0.0
2025-07-05,6:00-12:00,0.0,0.0,0.0,0.0,0.0,949.5709
2025-07-05,12:00-18:00,2869.3535,3664.4339999999997,795.0804999999998,795.0804999999998,0.0,0.0
2025-07-05,18:00-24:00,18848.910499999994,20667.320699999997,1818.4102000000003,1818.4102000000003,0.0,0.0
2025-07-06,0:00-6:00,28933.868499999997,29166.665499999996,232.79700000000003,232.79700000000003,0.0,0.0
2025-07-06,6:00-12:00,2257.5484,9581.0237,7323.4753,7323.4753,0.0,25.0398
2025-07-06,12:00-18:00,16152.591300000002,19766.976099999993,3614.3848,3614.3848,0.0,0.0
2025-07-06,18:00-24:00,26910.169099999996,29046.013899999994,2135.8448000000003,2135.8448000000003,0.0,0.0
2025-07-07,0:00-6:00,28927.773299999997,29166.665499999996,238.8922,238.8922,0.0,0.0
2025-07-07,6:00-12:00,4939.0177,5439.618399999999,500.60069999999996,500.60069999999996,0.0,1018.7207000000001
2025-07-07,12:00-18:00,15610.1412,16561.3669,951.2257000000001,951.2257000000001,0.0,0.0
2025-07-07,18:00-24:00,28127.968399999994,29055.915199999992,927.9468000000002,927.9468000000002,0.0,0.0
2025-07-08,0:00-6:00,29166.665499999996,29166.665499999996,0.0,0.0,0.0,0.0
2025-07-08,6:00-12:00,8319.86,8463.341100000001,143.48109999999997,143.48109999999997,0.0,0.0
2025-07-08,12:00-18:00,16597.7094,17282.6375,684.9281000000002,684.9281000000002,0.0,0.0
2025-07-08,18:00-24:00,28951.106499999994,29202.820999999996,251.71449999999996,251.71449999999996,0.0,0.0
2025-07-09,0:00-6:00,29166.665499999996,29166.665499999996,0.0,0.0,0.0,0.0
2025-07-09,6:00-12:00,8517.3235,8517.3235,0.0,0.0,0.0,0.0
2025-07-09,12:00-18:00,17404.0909,17492.076699999998,87.98580000000004,87.98580000000004,0.0,0.0
2025-07-09,18:00-24:00,28702.085499999994,28944.177299999992,242.09179999999992,242.09179999999992,0.0,0.0
2025-07-10,0:00-6:00,29166.665499999996,29166.665499999996,0.0,0.0,0.0,0.0
2025-07-10,6:00-12:00,3270.4678999999996,4817.1107999999995,1546.6428999999998,1546.6428999999998,0.0,206.5623
2025-07-10,12:00-18:00,14944.0897,14954.5737,10.483999999999924,10.483999999999924,0.0,0.0
2025-07-10,18:00-24:00,28769.915499999996,28876.095599999993,106.18009999999992,106.18009999999992,0.0,0.0
2025-07-11,0:00-6:00,19712.1284,19712.1284,0.0,0.0,0.0,0.0
2025-07-11,6:00-12:00,0.0,0.0,0.0,0.0,0.0,174.6128
2025-07-11,12:00-18:00,4822.093300000001,4822.093300000001,0.0,0.0,0.0,0.0
2025-07-11,18:00-24:00,20834.26359999999,20834.26359999999,0.0,0.0,0.0,0.0
2025-07-12,0:00-6:00,18364.5223,18400.8576,36.33529999999999,36.33529999999999,0.0,0.0
2025-07-12,6:00-12:00,0.0,0.0,0.0,0.0,0.0,93.5621
2025-07-12,12:00-18:00,3723.0559999999996,4741.299,1018.243,1018.243,0.0,0.0
2025-07-12,18:00-24:00,20601.392199999995,20692.205899999994,90.81369999999987,90.81369999999987,0.0,0.0
2025-07-13,0:00-6:00,29166.665499999996,29166.665499999996,0.0,0.0,0.0,0.0
2025-07-13,6:00-12:00,5341.2474999999995,5416.6489,75.40139999999997,75.40139999999997,0.0,65.3192
2025-07-13,12:00-18:00,17072.2883,17072.2883,0.0,0.0,0.0,0.0
2025-07-13,18:00-24:00,29823.297499999993,29823.297499999993,0.0,0.0,0.0,0.0
2025-07-14,0:00-6:00,29166.665499999996,29166.665499999996,0.0,0.0,0.0,0.0
2025-07-14,6:00-12:00,6004.1755,6090.1129,85.93740000000005,85.93740000000005,0.0,55.6537
2025-07-14,12:00-18:00,13614.588800000001,14904.254200000001,1289.6653999999999,1289.6653999999999,0.0,0.0
2025-07-14,18:00-24:00,28608.563299999994,28961.880999999994,353.31769999999995,353.31769999999995,0.0,0.0
2025-07-15,0:00-6:00,29166.665499999996,29166.665499999996,0.0,0.0,0.0,0.0
2025-07-15,6:00-12:00,6147.2249,6147.2249,0.0,0.0,0.0,197.0314
2025-07-15,12:00-18:00,16499.599000000002,16508.938100000003,9.33910000000003,9.33910000000003,0.0,0.0
2025-07-15,18:00-24:00,28744.422399999996,28825.070399999993,80.64800000000008,80.64800000000008,0.0,0.0
2025-07-16,0:00-6:00,29166.665499999996,29166.665499999996,0.0,0.0,0.0,0.0
2025-07-16,6:00-12:00,3849.9761,5393.6614,1543.6853,1543.6853,0.0,8.0804
2025-07-16,12:00-18:00,14599.093,15810.387600000002,1211.2945999999997,1211.2945999999997,0.0,0.0
2025-07-16,18:00-24:00,29280.529499999993,29356.223999999995,75.69449999999998,75.69449999999998,0.0,0.0
2025-07-17,0:00-6:00,29166.665499999996,29166.665499999996,0.0,0.0,0.0,0.0
2025-07-17,6:00-12:00,5289.4613,6324.3172,1034.8559,1034.8559,0.0,127.6543
2025-07-17,12:00-18:00,12692.814699999999,14680.0217,1987.2070000000003,1987.2070000000003,0.0,0.0
2025-07-17,18:00-24:00,28608.134499999993,28925.333799999993,317.1993,317.1993,0.0,0.0
2025-07-18,0:00-6:00,18771.774100000002,18778.5276,6.753499999999974,6.753499999999974,0.0,0.0
2025-07-18,6:00-12:00,0.0,0.0,0.0,0.0,0.0,110.3445
2025-07-18,12:00-18:00,5485.8878,5485.8878,0.0,0.0,0.0,0.0
2025-07-18,18:00-24:00,20658.816499999994,20681.76069999999,22.94419999999991,22.94419999999991,0.0,0.0
2025-07-19,0:00-6:00,17418.7615,17435.2229,16.46139999999997,16.46139999999997,0.0,0.0
2025-07-19,6:00-12:00,0.0,0.0,0.0,0.0,0.0,234.3451
2025-07-19,12:00-18:00,6039.6919,6064.4425,24.750599999999963,24.750599999999963,0.0,0.0
2025-07-19,18:00-24:00,20494.41219999999,20590.944599999995,96.53240000000014,96.53240000000014,0.0,0.0
2025-07-20,0:00-6:00,29166.665499999996,29166.665499999996,0.0,0.0,0.0,0.0
2025-07-20,6:00-12:00,6579.759100000001,6660.4859000000015,80.7268,80.7268,0.0,17.605
2025-07-20,12:00-18:00,16627.388000000003,17126.8489,499.46089999999987,499.46089999999987,0.0,0.0
2025-07-20,18:00-24:00,28389.542399999995,28613.119799999993,223.57739999999995,223.57739999999995,0.0,0.0
2025-07-21,0:00-6:00,29166.665499999996,29166.665499999996,0.0,0.0,0.0,0.0
2025-07-21,6:00-12:00,6522.071000000001,6595.9355000000005,73.86449999999999,73.86449999999999,0.0,412.2916
2025-07-21,12:00-18:00,16850.540800000002,17142.533000000003,291.9921999999999,291.9921999999999,0.0,0.0
2025-07-21,18:00-24:00,28644.373699999996,28782.052499999994,137.67880000000002,137.67880000000002,0.0,0.0
2025-07-22,0:00-6:00,28945.736199999996,29166.665499999996,220.9293,220.9293,0.0,0.0
2025-07-22,6:00-12:00,4276.472299999999,7245.69,2969.2176999999997,2969.2176999999997,0.0,0.0
2025-07-22,12:00-18:00,14640.882300000001,15717.989500000001,1077.1072,1077.1072,0.0,0.0
2025-07-22,18:00-24:00,28519.162999999993,28591.399599999993,72.23660000000007,72.23660000000007,0.0,0.0
2025-07-23,0:00-6:00,29166.665499999996,29166.665499999996,0.0,0.0,0.0,0.0
2025-07-23,6:00-12:00,9909.621200000001,9909.621200000001,0.0,0.0,0.0,0.0
2025-07-23,12:00-18:00,19550.370199999998,19570.848499999996,20.47829999999999,20.47829999999999,0.0,0.0
2025-07-23,18:00-24:00,28688.368099999992,28797.938299999994,109.5702,109.5702,0.0,0.0
2025-07-24,0:00-6:00,29166.665499999996,29166.665499999996,0.0,0.0,0.0,0.0
2025-07-24,6:00-12:00,6589.4151999999995,6589.4151999999995,0.0,0.0,0.0,0.0
2025-07-24,12:00-18:00,20999.339799999994,20999.339799999994,0.0,0.0,0.0,0.0
2025-07-24,18:00-24:00,28810.887199999994,28976.974099999996,166.08689999999999,166.08689999999999,0.0,0.0
2025-07-25,0:00-6:00,17485.248099999997,17588.459799999997,103.21169999999998,103.21169999999998,0.0,0.0
2025-07-25,6:00-12:00,0.0,0.0,0.0,0.0,0.0,179.7483
2025-07-25,12:00-18:00,3958.7386000000006,3959.5845000000004,0.845899999999915,0.845899999999915,0.0,0.0
2025-07-25,18:00-24:00,20475.493799999993,20476.165399999994,0.6716000000000122,0.6716000000000122,0.0,0.0
2025-07-26,0:00-6:00,17880.8223,17883.9681,3.1458000000000084,3.1458000000000084,0.0,0.0
2025-07-26,6:00-12:00,0.0,0.0,0.0,0.0,0.0,153.0202
2025-07-26,12:00-18:00,3206.2724000000003,3435.5465000000004,229.27409999999998,229.27409999999998,0.0,0.0
2025-07-26,18:00-24:00,20293.285399999993,20437.144399999994,143.85900000000004,143.85900000000004,0.0,0.0
2025-07-27,0:00-6:00,29166.665499999996,29166.665499999996,0.0,0.0,0.0,0.0
2025-07-27,6:00-12:00,8698.6712,8698.6712,0.0,0.0,0.0,0.0
2025-07-27,12:00-18:00,12538.5167,14851.6714,2313.1547,2313.1547,0.0,0.0
2025-07-27,18:00-24:00,27977.498099999993,28219.708599999994,242.21050000000008,242.21050000000008,0.0,0.0
2025-07-28,0:00-6:00,29166.665499999996,29166.665499999996,0.0,0.0,0.0,0.0
2025-07-28,6:00-12:00,7109.4694,7674.1404,564.671,564.671,0.0,494.6636
2025-07-28,12:00-18:00,17353.0293,18107.3797,754.3504000000001,754.3504000000001,0.0,0.0
2025-07-28,18:00-24:00,28023.732099999994,28375.814199999993,352.08209999999997,352.08209999999997,0.0,0.0
2025-07-29,0:00-6:00,29166.665499999996,29166.665499999996,0.0,0.0,0.0,0.0
2025-07-29,6:00-12:00,6543.272199999999,10152.1153,3608.8431,3608.8431,0.0,0.0
2025-07-29,12:00-18:00,14796.537900000001,16632.459300000002,1835.9214000000002,1835.9214000000002,0.0,0.0
2025-07-29,18:00-24:00,28238.709899999994,28382.740799999992,144.03090000000003,144.03090000000003,0.0,0.0
2025-07-30,0:00-6:00,29166.665499999996,29166.665499999996,0.0,0.0,0.0,0.0
2025-07-30,6:00-12:00,2003.8254,7660.916100000001,5657.0907,5657.0907,0.0,135.2846
2025-07-30,12:00-18:00,11866.9508,16057.166000000001,4190.2152,4190.2152,0.0,0.0
2025-07-30,18:00-24:00,27903.889699999992,28223.960199999994,320.0704999999999,320.0704999999999,0.0,0.0
2025-07-31,0:00-6:00,29166.665499999996,29166.665499999996,0.0,0.0,0.0,0.0
2025-07-31,6:00-12:00,4921.1309,6013.145699999999,1092.0148,1092.0148,0.0,408.3592
2025-07-31,12:00-18:00,13143.626800000002,15887.706900000001,2744.0800999999997,2744.0800999999997,0.0,0.0
2025-07-31,18:00-24:00,27905.943999999996,28038.221399999995,132.27739999999997,132.27739999999997,0.0,0.0
2025-08-01,0:00-6:00,18211.744600000005,18242.838800000005,31.0942,31.0942,0.0,0.0
2025-08-01,6:00-12:00,0.0,0.0,0.0,0.0,0.0,243.1778
2025-08-01,12:00-18:00,4164.6858,4164.6858,0.0,0.0,0.0,0.0
2025-08-01,18:00-24:00,20137.213699999993,20362.251199999995,225.03750000000014,225.03750000000014,0.0,0.0
2025-08-02,0:00-6:00,17569.0082,17569.0082,0.0,0.0,0.0,0.0
2025-08-02,6:00-12:00,0.0,0.0,0.0,0.0,0.0,56.075599999999994
2025-08-02,12:00-18:00,4637.7403,4637.7403,0.0,0.0,0.0,0.0
2025-08-02,18:00-24:00,19966.740599999994,19981.115799999992,14.375200000000063,14.375200000000063,0.0,0.0
2025-08-03,0:00-6:00,28055.7659,28102.678099999997,46.912199999999984,46.912199999999984,0.0,0.0
2025-08-03,6:00-12:00,0.0,0.0,0.0,0.0,0.0,474.7389
2025-08-03,12:00-18:00,9685.8573,9685.8573,0.0,0.0,0.0,0.0
2025-08-03,18:00-24:00,27773.877599999993,27834.952999999994,61.075399999999945,61.075399999999945,0.0,0.0
2025-08-04,0:00-6:00,29166.665499999996,29166.665499999996,0.0,0.0,0.0,0.0
2025-08-04,6:00-12:00,820.2927999999999,1802.1167,981.8239000000001,981.8239000000001,0.0,230.267
2025-08-04,12:00-18:00,13094.351600000002,13903.054,808.7024,808.7024,0.0,0.0
2025-08-04,18:00-24:00,28332.531799999993,28450.612399999995,118.0806,118.0806,0.0,0.0
2025-08-05,0:00-6:00,29166.665499999996,29166.665499999996,0.0,0.0,0.0,0.0
2025-08-05,6:00-12:00,235.10520000000002,1973.0829,1737.9777,1737.9777,0.0,134.5001
2025-08-05,12:00-18:00,11316.9333,12746.8838,1429.9505,1429.9505,0.0,0.0
2025-08-05,18:00-24:00,28031.876899999992,28074.740699999995,42.86379999999997,42.86379999999997,0.0,0.0
2025-08-06,0:00-6:00,28526.276099999995,28956.2842,430.0081,430.0081,0.0,0.0
2025-08-06,6:00-12:00,404.658,1449.6106,1044.9526,1044.9526,0.0,44.7882
2025-08-06,12:00-18:00,18306.5611,18348.1728,41.611699999999985,41.611699999999985,0.0,0.0
2025-08-06,18:00-24:00,28562.34479999999,28562.34479999999,0.0,0.0,0.0,0.0
2025-08-07,0:00-6:00,29166.665499999996,29166.665499999996,0.0,0.0,0.0,0.0
2025-08-07,6:00-12:00,6426.534199999999,6458.599399999999,32.065199999999976,32.065199999999976,0.0,0.0
2025-08-07,12:00-18:00,14909.108800000002,15615.753900000002,706.6451000000002,706.6451000000002,0.0,0.0
2025-08-07,18:00-24:00,27805.958599999994,28178.592299999997,372.63370000000003,372.63370000000003,0.0,0.0
2025-08-08,0:00-6:00,17769.4561,17769.4561,0.0,0.0,0.0,0.0
2025-08-08,6:00-12:00,0.0,0.0,0.0,0.0,0.0,89.1147
2025-08-08,12:00-18:00,3330.6533,3330.6533,0.0,0.0,0.0,0.0
2025-08-08,18:00-24:00,19788.216899999996,19823.730399999993,35.51349999999991,35.51349999999991,0.0,0.0
2025-08-09,0:00-6:00,17250.3,17255.2934,4.993400000000008,4.993400000000008,0.0,0.0
2025-08-09,6:00-12:00,0.0,0.0,0.0,0.0,0.0,367.8049
2025-08-09,12:00-18:00,3473.7827,3476.7716,2.988900000000001,2.988900000000001,0.0,0.0
2025-08-09,18:00-24:00,19693.47729999999,19696.780299999995,3.3029999999999973,3.3029999999999973,0.0,0.0
2025-08-10,0:00-6:00,28333.332199999997,28931.424199999998,598.092,598.092,0.0,0.0
2025-08-10,6:00-12:00,518.6446,518.6446,0.0,0.0,0.0,0.0
2025-08-10,12:00-18:00,14207.718,14451.7186,244.00059999999996,244.00059999999996,0.0,0.0
2025-08-10,18:00-24:00,28262.79209999999,28262.79209999999,0.0,0.0,0.0,0.0
2025-08-11,0:00-6:00,29166.665499999996,29166.665499999996,0.0,0.0,0.0,0.0
2025-08-11,6:00-12:00,1642.5823,2676.1961000000006,1033.6138,1033.6138,0.0,503.2719
2025-08-11,12:00-18:00,11504.968200000001,12693.5974,1188.6291999999999,1188.6291999999999,0.0,0.0
2025-08-11,18:00-24:00,27645.552099999997,27940.204699999995,294.65259999999995,294.65259999999995,0.0,0.0
2025-08-12,0:00-6:00,28944.482899999995,28944.482899999995,0.0,0.0,0.0,0.0
2025-08-12,6:00-12:00,4302.3461,4450.0454,147.6993,147.6993,0.0,0.0
2025-08-12,12:00-18:00,14451.261900000001,15232.6815,781.4196000000003,781.4196000000003,0.0,0.0
2025-08-12,18:00-24:00,27760.007699999995,28081.572899999992,321.5652000000001,321.5652000000001,0.0,0.0
2025-08-13,0:00-6:00,29166.665499999996,29166.665499999996,0.0,0.0,0.0,0.0
2025-08-13,6:00-12:00,773.7412999999999,3082.0777,2308.3363999999997,2308.3363999999997,0.0,158.0218
2025-08-13,12:00-18:00,10823.517600000001,12131.2896,1307.772,1307.772,0.0,0.0
2025-08-13,18:00-24:00,27581.776799999992,27949.547699999996,367.7709,367.7709,0.0,0.0
2025-08-14,0:00-6:00,29166.665499999996,29166.665499999996,0.0,0.0,0.0,0.0
2025-08-14,6:00-12:00,683.4474,3706.561,3023.1136,3023.1136,0.0,273.9245
2025-08-14,12:00-18:00,12031.884500000002,13244.971800000001,1213.0873000000001,1213.0873000000001,0.0,0.0
2025-08-14,18:00-24:00,28183.632299999994,28190.253499999995,6.6211999999999875,6.6211999999999875,0.0,0.0
2025-08-15,0:00-6:00,17166.302,17320.8894,154.5874,154.5874,0.0,0.0
2025-08-15,6:00-12:00,0.0,0.0,0.0,0.0,0.0,326.2712
2025-08-15,12:00-18:00,4338.4298,4338.4298,0.0,0.0,0.0,0.0
2025-08-15,18:00-24:00,19707.774999999998,19708.700099999995,0.9251000000000431,0.9251000000000431,0.0,0.0
2025-08-16,0:00-6:00,16627.1654,16767.6238,140.45839999999998,140.45839999999998,0.0,0.0
2025-08-16,6:00-12:00,0.0,0.0,0.0,0.0,0.0,366.9608
2025-08-16,12:00-18:00,6111.7608,6111.7608,0.0,0.0,0.0,0.0
2025-08-16,18:00-24:00,19672.353499999994,19694.423899999994,22.07040000000005,22.07040000000005,0.0,0.0
2025-08-17,0:00-6:00,29166.665499999996,29166.665499999996,0.0,0.0,0.0,0.0
2025-08-17,6:00-12:00,3513.5375,3513.5375,0.0,0.0,0.0,0.0
2025-08-17,12:00-18:00,12966.514200000001,13267.222,300.7078,300.7078,0.0,0.0
2025-08-17,18:00-24:00,27664.711599999995,27870.079299999998,205.3677,205.3677,0.0,0.0
2025-08-18,0:00-6:00,29166.665499999996,29166.665499999996,0.0,0.0,0.0,0.0
2025-08-18,6:00-12:00,1108.7524,2001.3365,892.5841,892.5841,0.0,92.2396
2025-08-18,12:00-18:00,11788.513500000001,12311.6373,523.1238000000001,523.1238000000001,0.0,0.0
2025-08-18,18:00-24:00,28316.299799999993,28319.875999999997,3.5761999999999716,3.5761999999999716,0.0,0.0
2025-08-19,0:00-6:00,28333.332199999997,28959.367899999997,626.0357,626.0357,0.0,0.0
2025-08-19,6:00-12:00,392.5723,1058.9703,666.3980000000001,666.3980000000001,0.0,0.0
2025-08-19,12:00-18:00,12633.391000000001,12991.803300000003,358.4122999999999,358.4122999999999,0.0,0.0
2025-08-19,18:00-24:00,27818.308299999993,27853.729199999994,35.42089999999996,35.42089999999996,0.0,0.0
2025-08-20,0:00-6:00,29166.665499999996,29166.665499999996,0.0,0.0,0.0,0.0
2025-08-20,6:00-12:00,6857.9976,8015.951900000001,1157.9542999999999,1157.9542999999999,0.0,244.1043
2025-08-20,12:00-18:00,14457.867600000001,14598.3572,140.48960000000005,140.48960000000005,0.0,0.0
2025-08-20,18:00-24:00,27685.74169999999,27799.60749999999,113.86579999999992,113.86579999999992,0.0,0.0
2025-08-21,0:00-6:00,29166.665499999996,29166.665499999996,0.0,0.0,0.0,0.0
2025-08-21,6:00-12:00,3592.0611000000004,3623.7542,31.693100000000015,31.693100000000015,0.0,27.622900000000005
2025-08-21,12:00-18:00,13440.898200000001,13610.898900000002,170.0007,170.0007,0.0,0.0
2025-08-21,18:00-24:00,27747.093799999995,27849.383899999993,102.29010000000007,102.29010000000007,0.0,0.0
2025-08-22,0:00-6:00,17249.8104,17344.494399999996,94.68399999999997,94.68399999999997,0.0,0.0
2025-08-22,6:00-12:00,0.0,0.0,0.0,0.0,0.0,283.2008
2025-08-22,12:00-18:00,4268.9954,4268.9954,0.0,0.0,0.0,0.0
2025-08-22,18:00-24:00,19627.795099999996,19830.79179999999,202.99670000000012,202.99670000000012,0.0,0.0
2025-08-23,0:00-6:00,17872.607600000003,17872.607600000003,0.0,0.0,0.0,0.0
2025-08-23,6:00-12:00,0.0,0.0,0.0,0.0,0.0,7.649299999999999
2025-08-23,12:00-18:00,2941.2706,3650.6988,709.4282000000001,709.4282000000001,0.0,0.0
2025-08-23,18:00-24:00,19701.994199999994,19828.240299999994,126.24609999999973,126.24609999999973,0.0,0.0
2025-08-24,0:00-6:00,28984.685199999996,29166.665499999996,181.98030000000006,181.98030000000006,0.0,0.0
2025-08-24,6:00-12:00,113.4522,269.90749999999997,156.45529999999997,156.45529999999997,0.0,320.4635
2025-08-24,12:00-18:00,12214.302900000002,12523.298200000001,308.99529999999993,308.99529999999993,0.0,0.0
2025-08-24,18:00-24:00,28044.559199999996,28133.019999999993,88.46079999999998,88.46079999999998,0.0,0.0
2025-08-25,0:00-6:00,29166.665499999996,29166.665499999996,0.0,0.0,0.0,0.0
2025-08-25,6:00-12:00,10580.167300000001,10580.167300000001,0.0,0.0,0.0,0.0
2025-08-25,12:00-18:00,22997.459399999992,22997.459399999992,0.0,0.0,0.0,0.0
2025-08-25,18:00-24:00,28067.704999999994,28110.574299999993,42.86930000000001,42.86930000000001,0.0,0.0
2025-08-26,0:00-6:00,28989.588699999997,28989.588699999997,0.0,0.0,0.0,0.0
2025-08-26,6:00-12:00,36.6358,325.18330000000003,288.5475,288.5475,0.0,258.2212
2025-08-26,12:00-18:00,12587.071500000002,13955.973300000001,1368.9018,1368.9018,0.0,0.0
2025-08-26,18:00-24:00,28252.075499999995,28276.533599999995,24.45810000000003,24.45810000000003,0.0,0.0
2025-08-27,0:00-6:00,29166.665499999996,29166.665499999996,0.0,0.0,0.0,0.0
2025-08-27,6:00-12:00,2561.7495999999996,5630.8629,3069.1133,3069.1133,0.0,0.0
2025-08-27,12:00-18:00,11370.720800000001,13905.5395,2534.8187000000003,2534.8187000000003,0.0,0.0
2025-08-27,18:00-24:00,27945.936499999993,27978.697699999993,32.7612,32.7612,0.0,0.0
2025-08-28,0:00-6:00,29143.9989,29166.665499999996,22.666600000000017,22.666600000000017,0.0,0.0
2025-08-28,6:00-12:00,2280.0912,4735.3949999999995,2455.3037999999997,2455.3037999999997,0.0,854.2354
2025-08-28,12:00-18:00,11116.1609,13793.6826,2677.5217,2677.5217,0.0,0.0
2025-08-28,18:00-24:00,27354.702599999993,28014.835399999993,660.1328,660.1328,0.0,0.0
2025-08-29,0:00-6:00,18900.609600000003,18900.609600000003,0.0,0.0,0.0,0.0
2025-08-29,6:00-12:00,0.0,0.0,0.0,0.0,0.0,175.8978
2025-08-29,12:00-18:00,5188.3108,5188.3108,0.0,0.0,0.0,0.0
2025-08-29,18:00-24:00,19843.573099999994,19843.573099999994,0.0,0.0,0.0,0.0
2025-08-30,0:00-6:00,17241.8321,17241.8321,0.0,0.0,0.0,0.0
2025-08-30,6:00-12:00,0.0,0.0,0.0,0.0,0.0,50.5011
2025-08-30,12:00-18:00,4673.7084,4673.7084,0.0,0.0,0.0,0.0
2025-08-30,18:00-24:00,19600.000699999993,19646.891899999995,46.891200000000026,46.891200000000026,0.0,0.0
2025-08-31,0:00-6:00,28175.3474,28983.741499999996,808.3941000000001,808.3941000000001,0.0,0.0
2025-08-31,6:00-12:00,116.6288,1838.4261999999999,1721.7974,1721.7974,0.0,239.116
2025-08-31,12:00-18:00,13425.960600000002,14409.7117,983.7511,983.7511,0.0,0.0
2025-08-31,18:00-24:00,27725.247499999994,27753.563599999994,28.316100000000006,28.316100000000006,0.0,0.0
2025-09-01,0:00-6:00,29166.665499999996,29166.665499999996,0.0,0.0,0.0,0.0
2025-09-01,6:00-12:00,7369.3746,7369.3746,0.0,0.0,0.0,0.0
2025-09-01,12:00-18:00,15492.7782,15492.7782,0.0,0.0,0.0,0.0
2025-09-01,18:00-24:00,27695.346299999994,27695.346299999994,0.0,0.0,0.0,0.0
2025-09-02,0:00-6:00,28853.691499999997,28991.491499999996,137.80000000000007,137.80000000000007,0.0,0.0
2025-09-02,6:00-12:00,422.1822,553.9515,131.7693,131.7693,0.0,0.0
2025-09-02,12:00-18:00,10914.2252,11123.478,209.25280000000006,209.25280000000006,0.0,0.0
2025-09-02,18:00-24:00,26360.815399999992,26360.815399999992,0.0,0.0,0.0,0.0
2025-09-03,0:00-6:00,28860.5887,28860.5887,0.0,0.0,0.0,0.0
2025-09-03,6:00-12:00,1022.1451999999999,1022.1451999999999,0.0,0.0,0.0,0.0
2025-09-03,12:00-18:00,13397.9272,13443.404700000001,45.47750000000008,45.47750000000008,0.0,0.0
2025-09-03,18:00-24:00,25631.035499999994,25631.035499999994,0.0,0.0,0.0,0.0
2025-09-04,0:00-6:00,27136.769499999995,27209.522099999995,72.75260000000014,72.75260000000014,0.0,0.0
2025-09-04,6:00-12:00,0.0,0.0,0.0,0.0,0.0,0.0
2025-09-04,12:00-18:00,12380.2479,12415.3102,35.06230000000011,35.06230000000011,0.0,0.0
2025-09-04,18:00-24:00,25024.021999999994,25024.021999999994,0.0,0.0,0.0,0.0
2025-09-05,0:00-6:00,17579.589500000002,17579.589500000002,0.0,0.0,0.0,0.0
2025-09-05,6:00-12:00,0.0,0.0,0.0,0.0,0.0,0.0
2025-09-05,12:00-18:00,4792.5496,4792.5496,0.0,0.0,0.0,0.0
2025-09-05,18:00-24:00,19696.538499999995,19696.538499999995,0.0,0.0,0.0,0.0
2025-09-06,0:00-6:00,15536.2864,15536.2864,0.0,0.0,0.0,0.0
2025-09-06,6:00-12:00,0.0,0.0,0.0,0.0,0.0,213.94250000000002
2025-09-06,12:00-18:00,3573.3378999999995,3573.3378999999995,0.0,0.0,0.0,0.0
2025-09-06,18:00-24:00,17720.080599999998,17720.080599999998,0.0,0.0,0.0,0.0
2025-09-07,0:00-6:00,25129.045599999998,26874.022699999994,1744.9771,1744.9771,0.0,0.0
2025-09-07,6:00-12:00,0.0,480.611,480.611,480.611,0.0,0.0
2025-09-07,12:00-18:00,10032.225900000001,10547.853600000002,515.6276999999998,515.6276999999998,0.0,0.0
2025-09-07,18:00-24:00,23885.788299999993,23885.788299999993,0.0,0.0,0.0,0.0
2025-09-08,0:00-6:00,28143.018699999997,28143.018699999997,0.0,0.0,0.0,0.0
2025-09-08,6:00-12:00,2569.9653,3408.8091999999997,838.8439000000001,838.8439000000001,0.0,0.0
2025-09-08,12:00-18:00,12482.073,14021.2168,1539.1438,1539.1438,0.0,0.0
2025-09-08,18:00-24:00,22991.734899999992,23148.717999999993,156.98309999999998,156.98309999999998,0.0,0.0
2025-09-09,0:00-6:00,25884.222399999995,25905.345799999996,21.123399999999947,21.123399999999947,0.0,0.0
2025-09-09,6:00-12:00,0.0,0.0,0.0,0.0,0.0,103.8625
2025-09-09,12:00-18:00,8973.764000000001,10378.9969,1405.2329000000002,1405.2329000000002,0.0,0.0
2025-09-09,18:00-24:00,22947.169199999993,23025.95539999999,78.78620000000012,78.78620000000012,0.0,0.0
2025-09-10,0:00-6:00,28210.404399999996,28210.404399999996,0.0,0.0,0.0,0.0
2025-09-10,6:00-12:00,4612.5653999999995,4718.858,106.29260000000001,106.29260000000001,0.0,184.7168
2025-09-10,12:00-18:00,12335.5162,14032.2762,1696.76,1696.76,0.0,0.0
2025-09-10,18:00-24:00,22947.432899999993,23139.697299999996,192.26440000000017,192.26440000000017,0.0,0.0
2025-09-11,0:00-6:00,27465.055099999994,27465.055099999994,0.0,0.0,0.0,0.0
2025-09-11,6:00-12:00,1211.5618,2515.0431,1303.4813,1303.4813,0.0,0.0
2025-09-11,12:00-18:00,14504.978500000001,14505.0822,0.10370000000000346,0.10370000000000346,0.0,0.0
2025-09-11,18:00-24:00,23190.339599999992,23203.65629999999,13.316699999999855,13.316699999999855,0.0,0.0
2025-09-12,0:00-6:00,15098.9666,15110.3887,11.4221,11.4221,0.0,0.0
2025-09-12,6:00-12:00,0.0,0.0,0.0,0.0,0.0,230.957
2025-09-12,12:00-18:00,3214.0476,3371.8341999999993,157.78659999999996,157.78659999999996,0.0,0.0
2025-09-12,18:00-24:00,15360.2386,15559.139100000002,198.90049999999997,198.90049999999997,0.0,368.174
2025-09-13,0:00-6:00,14485.959499999999,14605.4022,119.4427,119.4427,0.0,0.0
2025-09-13,6:00-12:00,0.0,0.0,0.0,0.0,0.0,34.3923
2025-09-13,12:00-18:00,3068.2551000000003,3104.6624,36.40730000000002,36.40730000000002,0.0,0.0
2025-09-13,18:00-24:00,15310.6609,15311.2696,0.6086999999999989,0.6086999999999989,0.0,563.2539
2025-09-14,0:00-6:00,27262.566699999996,27262.566699999996,0.0,0.0,0.0,0.0
2025-09-14,6:00-12:00,7217.6293,7248.077700000001,30.448399999999992,30.448399999999992,0.0,0.0
2025-09-14,12:00-18:00,13471.0867,13471.0867,0.0,0.0,0.0,0.0
2025-09-14,18:00-24:00,23100.190499999993,23133.399199999993,33.20870000000018,33.20870000000018,0.0,0.0
2025-09-15,0:00-6:00,26715.212899999995,27029.949799999995,314.73690000000005,314.73690000000005,0.0,0.0
2025-09-15,6:00-12:00,0.0,0.0,0.0,0.0,0.0,674.515
2025-09-15,12:00-18:00,10282.9082,10928.5867,645.6784999999999,645.6784999999999,0.0,0.0
2025-09-15,18:00-24:00,23057.484299999996,23112.233899999992,54.74959999999995,54.74959999999995,0.0,0.0
2025-09-16,0:00-6:00,28059.759399999995,28059.759399999995,0.0,0.0,0.0,0.0
2025-09-16,6:00-12:00,4784.5732,5081.3072999999995,296.7341,296.7341,0.0,70.9349
2025-09-16,12:00-18:00,15790.490100000003,15892.1072,101.61709999999994,101.61709999999994,0.0,0.0
2025-09-16,18:00-24:00,22952.730299999992,23197.855699999993,245.12540000000018,245.12540000000018,0.0,0.0
2025-09-17,0:00-6:00,27722.208299999995,27722.208299999995,0.0,0.0,0.0,0.0
2025-09-17,6:00-12:00,2035.2841,2937.8009999999995,902.5169,902.5169,0.0,90.5724
2025-09-17,12:00-18:00,14039.307200000001,14265.5845,226.27730000000003,226.27730000000003,0.0,0.0
2025-09-17,18:00-24:00,23290.006099999995,23296.924999999996,6.918899999999923,6.918899999999923,0.0,0.0
2025-09-18,0:00-6:00,27624.804199999995,28262.823399999997,638.0192000000001,638.0192000000001,0.0,0.0
2025-09-18,6:00-12:00,0.0,3079.6538,3079.6538,3079.6538,0.0,72.128
2025-09-18,12:00-18:00,10531.9115,12682.2566,2150.3451000000005,2150.3451000000005,0.0,0.0
2025-09-18,18:00-24:00,23114.844399999994,23121.18469999999,6.340299999999999,6.340299999999999,0.0,0.0
2025-09-19,0:00-6:00,14787.088199999998,15051.2858,264.19759999999997,264.19759999999997,0.0,0.0
2025-09-19,6:00-12:00,0.0,0.0,0.0,0.0,0.0,243.2904
2025-09-19,12:00-18:00,3803.3196999999996,3849.8583,46.53860000000003,46.53860000000003,0.0,0.0
2025-09-19,18:00-24:00,15253.824500000002,15318.054,64.22949999999992,64.22949999999992,0.0,268.9077
2025-09-20,0:00-6:00,14672.0596,14865.4774,193.4178,193.4178,0.0,0.0
2025-09-20,6:00-12:00,0.0,0.0,0.0,0.0,0.0,322.0444
2025-09-20,12:00-18:00,3822.0280000000002,3880.6656,58.63759999999996,58.63759999999996,0.0,0.0
2025-09-20,18:00-24:00,15106.934500000001,15192.602700000001,85.66819999999996,85.66819999999996,0.0,488.2151
2025-09-21,0:00-6:00,27245.142999999996,27245.142999999996,0.0,0.0,0.0,0.0
2025-09-21,6:00-12:00,3336.9491,4146.9466,809.9975000000001,809.9975000000001,0.0,0.0
2025-09-21,12:00-18:00,12546.696899999999,12572.6906,25.993699999999876,25.993699999999876,0.0,0.0
2025-09-21,18:00-24:00,23303.388199999994,23332.257399999995,28.86919999999995,28.86919999999995,0.0,0.0
2025-09-22,0:00-6:00,27770.3706,27770.3706,0.0,0.0,0.0,0.0
2025-09-22,6:00-12:00,3081.5127,3446.0714,364.55869999999993,364.55869999999993,0.0,232.75439999999998
2025-09-22,12:00-18:00,16809.3553,16813.1824,3.827099999999973,3.827099999999973,0.0,0.0
2025-09-22,18:00-24:00,23581.747999999992,23684.812899999994,103.06489999999991,103.06489999999991,0.0,0.0
2025-09-23,0:00-6:00,27808.977399999996,27808.977399999996,0.0,0.0,0.0,0.0
2025-09-23,6:00-12:00,3851.0904000000005,3925.569,74.4786,74.4786,0.0,207.3746
2025-09-23,12:00-18:00,14523.1749,14523.189,0.014099999999984902,0.014099999999984902,0.0,0.0
2025-09-23,18:00-24:00,23448.911599999992,23492.756899999993,43.845300000000066,43.845300000000066,0.0,0.0
2025-09-24,0:00-6:00,27639.975799999993,27639.975799999993,0.0,0.0,0.0,0.0
2025-09-24,6:00-12:00,1077.7563,2839.9413,1762.185,1762.185,0.0,217.6522
2025-09-24,12:00-18:00,9842.032700000002,12620.445000000002,2778.4123,2778.4123,0.0,0.0
2025-09-24,18:00-24:00,23131.648699999998,23424.526299999998,292.8775999999999,292.8775999999999,0.0,0.0
2025-09-25,0:00-6:00,28096.365699999995,28096.365699999995,0.0,0.0,0.0,0.0
2025-09-25,6:00-12:00,2034.0636,4446.651199999999,2412.5876,2412.5876,0.0,0.0
2025-09-25,12:00-18:00,13184.149100000002,13785.051400000002,600.9023,600.9023,0.0,0.0
2025-09-25,18:00-24:00,23270.831399999995,23271.749599999996,0.918200000000013,0.918200000000013,0.0,0.0
2025-09-26,0:00-6:00,15360.9705,15382.2159,21.245399999999997,21.245399999999997,0.0,0.0
2025-09-26,6:00-12:00,0.0,0.0,0.0,0.0,0.0,107.64110000000001
2025-09-26,12:00-18:00,4666.0312,4666.0312,0.0,0.0,0.0,0.0
2025-09-26,18:00-24:00,14903.499800000001,14903.499800000001,0.0,0.0,0.0,141.1014
2025-09-27,0:00-6:00,14900.3971,15205.855399999999,305.4583,305.4583,0.0,0.0
2025-09-27,6:00-12:00,0.0,0.0,0.0,0.0,0.0,196.2919
2025-09-27,12:00-18:00,3510.4243,4068.3304,557.9060999999999,557.9060999999999,0.0,0.0
2025-09-27,18:00-24:00,14877.3158,15026.6977,149.38190000000031,149.38190000000031,0.0,574.0416
2025-09-28,0:00-6:00,27534.535399999997,27534.535399999997,0.0,0.0,0.0,0.0
2025-09-28,6:00-12:00,3534.7674000000006,6643.7396,3108.9722,3108.9722,0.0,49.8973
2025-09-28,12:00-18:00,12014.362300000003,13274.5636,1260.2013000000002,1260.2013000000002,0.0,0.0
2025-09-28,18:00-24:00,23220.318699999993,23227.027799999993,6.709100000000063,6.709100000000063,0.0,0.0
2025-09-29,0:00-6:00,28168.180599999996,28168.180599999996,0.0,0.0,0.0,0.0
2025-09-29,6:00-12:00,4219.8006000000005,4285.255,65.45440000000002,65.45440000000002,0.0,214.9233
2025-09-29,12:00-18:00,14713.3542,14715.8219,2.467700000000036,2.467700000000036,0.0,0.0
2025-09-29,18:00-24:00,23434.377699999994,23524.064599999994,89.68689999999998,89.68689999999998,0.0,0.0
2025-09-30,0:00-6:00,27809.519899999996,27809.519899999996,0.0,0.0,0.0,0.0
2025-09-30,6:00-12:00,1846.3727,5698.251899999999,3851.8791999999994,3851.8791999999994,0.0,390.41589999999997
2025-09-30,12:00-18:00,15578.6852,16137.7823,559.0971,559.0971,0.0,0.0
2025-09-30,18:00-24:00,23414.91969999999,23480.708199999994,65.78849999999989,65.78849999999989,0.0,0.0
2025-10-01,0:00-6:00,28026.744599999998,28026.744599999998,0.0,0.0,0.0,0.0
2025-10-01,6:00-12:00,546.8904,642.1866,95.2962,95.2962,0.0,0.0
2025-10-01,12:00-18:00,13505.675500000001,13508.676000000001,3.000499999999988,3.000499999999988,0.0,0.0
2025-10-01,18:00-24:00,23039.21089999999,23041.09079999999,1.8798999999999992,1.8798999999999992,0.0,0.0
2025-10-02,0:00-6:00,27257.687899999994,27257.687899999994,0.0,0.0,0.0,0.0
2025-10-02,6:00-12:00,5636.6727,5690.025299999998,53.352599999999995,53.352599999999995,0.0,0.0
2025-10-02,12:00-18:00,15321.8475,15323.3861,1.538599999999974,1.538599999999974,0.0,0.0
2025-10-02,18:00-24:00,22657.234899999996,22657.234899999996,0.0,0.0,0.0,0.0
2025-10-03,0:00-6:00,14766.821,14900.9051,134.08409999999998,134.08409999999998,0.0,0.0
2025-10-03,6:00-12:00,0.0,0.0,0.0,0.0,0.0,12.0058
2025-10-03,12:00-18:00,3107.4218000000005,3321.8074,214.38559999999995,214.38559999999995,0.0,0.0
2025-10-03,18:00-24:00,15018.303500000002,15018.303500000002,0.0,0.0,0.0,134.8345
2025-10-04,0:00-6:00,15204.5141,15265.3104,60.7963,60.7963,0.0,0.0
2025-10-04,6:00-12:00,0.0,0.0,0.0,0.0,0.0,134.3174
2025-10-04,12:00-18:00,3436.6016,3436.6016,0.0,0.0,0.0,0.0
2025-10-04,18:00-24:00,14211.001800000002,14214.0311,3.029299999999921,3.029299999999921,0.0,0.0
2025-10-05,0:00-6:00,27149.998399999997,27149.998399999997,0.0,0.0,0.0,0.0
2025-10-05,6:00-12:00,7053.9247000000005,7100.103900000001,46.17919999999998,46.17919999999998,0.0,0.0
2025-10-05,12:00-18:00,13003.0594,13227.478700000001,224.4192999999998,224.4192999999998,0.0,0.0
2025-10-05,18:00-24:00,22062.479499999994,22114.927999999993,52.448499999999996,52.448499999999996,0.0,0.0
2025-10-06,0:00-6:00,27141.460299999995,27149.548699999996,8.088399999999979,8.088399999999979,0.0,0.0
2025-10-06,6:00-12:00,0.0,983.1179,983.1179,983.1179,0.0,293.6149
2025-10-06,12:00-18:00,10874.3037,12769.904,1895.6002999999996,1895.6002999999996,0.0,0.0
2025-10-06,18:00-24:00,21587.000399999994,21659.335299999995,72.33490000000012,72.33490000000012,0.0,0.0
2025-10-07,0:00-6:00,28258.230799999998,28258.230799999998,0.0,0.0,0.0,0.0
2025-10-07,6:00-12:00,2173.0937000000004,3552.5388000000003,1379.4451,1379.4451,0.0,97.265
2025-10-07,12:00-18:00,11396.003600000002,12607.3438,1211.3402,1211.3402,0.0,0.0
2025-10-07,18:00-24:00,21078.517999999993,21145.619199999994,67.10119999999999,67.10119999999999,0.0,0.0
2025-10-08,0:00-6:00,27201.923499999994,27201.923499999994,0.0,0.0,0.0,0.0
2025-10-08,6:00-12:00,474.33,1335.3468,861.0168000000001,861.0168000000001,0.0,395.0961
2025-10-08,12:00-18:00,11098.9382,11842.6472,743.7090000000001,743.7090000000001,0.0,0.0
2025-10-08,18:00-24:00,20603.98089999999,20635.061899999993,31.08099999999996,31.08099999999996,0.0,0.0
2025-10-09,0:00-6:00,28010.318199999994,28010.318199999994,0.0,0.0,0.0,0.0
2025-10-09,6:00-12:00,6536.2307,6591.8275,55.5968,55.5968,0.0,0.0
2025-10-09,12:00-18:00,15051.452900000002,15052.041500000001,0.5886000000000422,0.5886000000000422,0.0,0.0
2025-10-09,18:00-24:00,20752.833399999996,20790.346599999993,37.51319999999998,37.51319999999998,0.0,0.0
2025-10-10,0:00-6:00,15646.156,15727.4378,81.28179999999998,81.28179999999998,0.0,0.0
2025-10-10,6:00-12:00,0.0,0.0,0.0,0.0,0.0,53.7337
2025-10-10,12:00-18:00,3006.8031,3072.1796,65.3765,65.3765,0.0,0.0
2025-10-10,18:00-24:00,13437.074400000001,13521.6911,84.61669999999992,84.61669999999992,0.0,312.108
2025-10-11,0:00-6:00,15764.4274,15830.311800000001,65.88439999999991,65.88439999999991,0.0,0.0
2025-10-11,6:00-12:00,0.0,0.0,0.0,0.0,0.0,12.8309
2025-10-11,12:00-18:00,2762.5529,2762.5529,0.0,0.0,0.0,0.0
2025-10-11,18:00-24:00,13590.8464,13590.8464,0.0,0.0,0.0,343.5566
2025-10-12,0:00-6:00,27121.154399999996,27121.154399999996,0.0,0.0,0.0,0.0
2025-10-12,6:00-12:00,3560.8959000000004,4249.013099999999,688.1171999999998,688.1171999999998,0.0,79.4218
2025-10-12,12:00-18:00,11595.268900000001,11717.543000000001,122.27409999999985,122.27409999999985,0.0,0.0
2025-10-12,18:00-24:00,20663.024399999995,20711.797399999996,48.77300000000008,48.77300000000008,0.0,453.59530000000007
2025-10-13,0:00-6:00,28200.8965,28200.8965,0.0,0.0,0.0,0.0
2025-10-13,6:00-12:00,2796.1766,3988.9451,1192.7685000000001,1192.7685000000001,0.0,187.6729
2025-10-13,12:00-18:00,14295.6484,14298.2102,2.561800000000062,2.561800000000062,0.0,0.0
2025-10-13,18:00-24:00,20901.275699999995,20953.136399999996,51.860699999999945,51.860699999999945,0.0,0.0
2025-10-14,0:00-6:00,27258.670799999996,27258.670799999996,0.0,0.0,0.0,0.0
2025-10-14,6:00-12:00,4659.1832,5760.7804,1101.5972000000002,1101.5972000000002,0.0,394.531
2025-10-14,12:00-18:00,15448.7738,15455.4342,6.6603999999999814,6.6603999999999814,0.0,0.0
2025-10-14,18:00-24:00,20958.126399999994,21066.456799999993,108.3304000000001,108.3304000000001,0.0,0.0
2025-10-15,0:00-6:00,27404.458899999998,27404.458899999998,0.0,0.0,0.0,0.0
2025-10-15,6:00-12:00,5933.4949,6263.3095,329.8146,329.8146,0.0,154.9172
2025-10-15,12:00-18:00,17120.6124,17131.6974,11.085000000000008,11.085000000000008,0.0,0.0
2025-10-15,18:00-24:00,21089.224099999992,21106.623199999995,17.399099999999976,17.399099999999976,0.0,0.0
2025-10-16,0:00-6:00,27508.272199999996,27508.272199999996,0.0,0.0,0.0,0.0
2025-10-16,6:00-12:00,3850.7454000000002,6344.730600000001,2493.9852,2493.9852,0.0,11.4582
2025-10-16,12:00-18:00,15441.3318,15796.0402,354.7084,354.7084,0.0,0.0
2025-10-16,18:00-24:00,20998.760199999993,21111.094599999997,112.33440000000006,112.33440000000006,0.0,0.0
2025-10-17,0:00-6:00,15408.692000000001,15824.327800000001,415.6357999999999,415.6357999999999,0.0,0.0
2025-10-17,6:00-12:00,0.0,0.0,0.0,0.0,0.0,131.131
2025-10-17,12:00-18:00,2329.8212999999996,3139.58,809.7586999999999,809.7586999999999,0.0,0.0
2025-10-17,18:00-24:00,13478.451200000001,13486.7716,8.32039999999995,8.32039999999995,0.0,417.50969999999995
2025-10-18,0:00-6:00,15154.9853,15494.958499999999,339.9732,339.9732,0.0,0.0
2025-10-18,6:00-12:00,0.0,0.0,0.0,0.0,0.0,186.9415
2025-10-18,12:00-18:00,4110.6544,4124.1271,13.472700000000003,13.472700000000003,0.0,0.0
2025-10-18,18:00-24:00,13480.264,13499.2798,19.015799999999956,19.015799999999956,0.0,99.0261
2025-10-19,0:00-6:00,27124.680099999994,27124.680099999994,0.0,0.0,0.0,0.0
2025-10-19,6:00-12:00,4587.2137,4965.8239,378.6102,378.6102,0.0,321.046
2025-10-19,12:00-18:00,16230.373300000001,16277.5005,47.127200000000016,47.127200000000016,0.0,0.0
2025-10-19,18:00-24:00,21110.43209999999,21175.556899999992,65.12479999999991,65.12479999999991,0.0,0.0
2025-10-20,0:00-6:00,27712.457199999997,27712.457199999997,0.0,0.0,0.0,0.0
2025-10-20,6:00-12:00,8241.9783,8572.936899999999,330.95860000000005,330.95860000000005,0.0,19.3602
2025-10-20,12:00-18:00,16632.855100000004,16829.3499,196.49479999999994,196.49479999999994,0.0,0.0
2025-10-20,18:00-24:00,21232.630699999994,21258.499799999994,25.86909999999989,25.86909999999989,0.0,0.0
2025-10-21,0:00-6:00,27376.753099999998,27376.753099999998,0.0,0.0,0.0,0.0
2025-10-21,6:00-12:00,6501.2678000000005,8131.286,1630.0181999999995,1630.0181999999995,0.0,188.0125
2025-10-21,12:00-18:00,17404.4429,17626.2318,221.78890000000007,221.78890000000007,0.0,0.0
2025-10-21,18:00-24:00,21118.149999999994,21174.18839999999,56.03840000000008,56.03840000000008,0.0,0.0
2025-10-22,0:00-6:00,27706.531799999997,27706.531799999997,0.0,0.0,0.0,0.0
2025-10-22,6:00-12:00,6865.5342,8436.169399999999,1570.6351999999997,1570.6351999999997,0.0,369.4228
2025-10-22,12:00-18:00,14208.901700000002,14585.3898,376.4881,376.4881,0.0,0.0
2025-10-22,18:00-24:00,21020.478699999992,21041.496499999994,21.017799999999966,21.017799999999966,0.0,0.0
2025-10-23,0:00-6:00,28101.557399999994,28121.240099999995,19.682699999999954,19.682699999999954,0.0,0.0
2025-10-23,6:00-12:00,12820.675600000002,12843.2471,22.5714999999999,22.5714999999999,0.0,0.0
2025-10-23,12:00-18:00,18412.752299999996,18711.645599999996,298.8933000000001,298.8933000000001,0.0,0.0
2025-10-23,18:00-24:00,20996.987299999993,21036.800899999995,39.81360000000008,39.81360000000008,0.0,0.0
2025-10-24,0:00-6:00,16536.800799999997,16672.3919,135.59109999999998,135.59109999999998,0.0,0.0
2025-10-24,6:00-12:00,0.0,0.0,0.0,0.0,0.0,285.2427
2025-10-24,12:00-18:00,3249.3609,3448.8284,199.46750000000003,199.46750000000003,0.0,0.0
2025-10-24,18:00-24:00,13531.6649,13624.307,92.64209999999997,92.64209999999997,0.0,459.23339999999996
2025-10-25,0:00-6:00,15877.1625,15943.4373,66.27480000000003,66.27480000000003,0.0,0.0
2025-10-25,6:00-12:00,0.0,0.0,0.0,0.0,0.0,158.7124
2025-10-25,12:00-18:00,3364.5099,3483.3022,118.79229999999995,118.79229999999995,0.0,0.0
2025-10-25,18:00-24:00,13572.4679,13594.526100000003,22.0582,22.0582,0.0,516.2609
2025-10-26,0:00-6:00,27024.251199999995,27024.251199999995,0.0,0.0,0.0,0.0
2025-10-26,6:00-12:00,10681.1812,10733.079300000001,51.89809999999996,51.89809999999996,0.0,0.0
2025-10-26,12:00-18:00,15230.841199999999,15632.698,401.8567999999999,401.8567999999999,0.0,0.0
2025-10-26,18:00-24:00,21039.901599999994,21151.487799999995,111.58620000000002,111.58620000000002,0.0,0.0
2025-10-27,0:00-6:00,27426.677199999995,27426.677199999995,0.0,0.0,0.0,0.0
2025-10-27,6:00-12:00,5047.8102,7035.860700000001,1988.0505,1988.0505,0.0,25.2643
2025-10-27,12:00-18:00,14026.228000000001,15686.9964,1660.7684,1660.7684,0.0,0.0
2025-10-27,18:00-24:00,21088.380899999993,21249.439399999992,161.05849999999995,161.05849999999995,0.0,0.0
2025-10-28,0:00-6:00,27351.374799999998,27351.374799999998,0.0,0.0,0.0,0.0
2025-10-28,6:00-12:00,6217.8483,8296.2013,2078.353,2078.353,0.0,0.3483
2025-10-28,12:00-18:00,12842.1118,15448.644100000001,2606.5323000000003,2606.5323000000003,0.0,0.0
2025-10-28,18:00-24:00,21011.003099999994,21126.90789999999,115.9048,115.9048,0.0,0.0
2025-10-29,0:00-6:00,27704.528999999995,27704.528999999995,0.0,0.0,0.0,0.0
2025-10-29,6:00-12:00,9524.9088,10569.7405,1044.8317000000002,1044.8317000000002,0.0,0.0
2025-10-29,12:00-18:00,17993.384,18044.710699999996,51.32670000000007,51.32670000000007,0.0,0.0
2025-10-29,18:00-24:00,21014.653699999995,21098.953599999993,84.29990000000001,84.29990000000001,0.0,0.0
2025-10-30,0:00-6:00,27548.622799999994,27548.622799999994,0.0,0.0,0.0,0.0
2025-10-30,6:00-12:00,5448.652900000001,6018.7382,570.0853,570.0853,0.0,156.1925
2025-10-30,12:00-18:00,13049.4752,15128.5996,2079.1244,2079.1244,0.0,0.0
2025-10-30,18:00-24:00,21124.275199999993,21144.728199999994,20.452999999999975,20.452999999999975,0.0,438.1519
2025-10-31,0:00-6:00,17433.914099999998,17552.9067,118.99259999999998,118.99259999999998,0.0,0.0
2025-10-31,6:00-12:00,0.0,0.0,0.0,0.0,0.0,133.9118
2025-10-31,12:00-18:00,4911.6983,4925.2972,13.598899999999986,13.598899999999986,0.0,0.0
2025-10-31,18:00-24:00,13595.838300000001,13611.116300000002,15.277999999999963,15.277999999999963,0.0,225.60670000000002
2025-11-01,0:00-6:00,16249.402,16412.5951,163.19310000000002,163.19310000000002,0.0,0.0
2025-11-01,6:00-12:00,0.0,0.0,0.0,0.0,0.0,205.902
2025-11-01,12:00-18:00,3956.8004000000005,4106.4043,149.60389999999995,149.60389999999995,0.0,0.0
2025-11-01,18:00-24:00,13512.012,13574.038400000001,62.02640000000008,62.02640000000008,0.0,339.075
2025-11-02,0:00-6:00,27002.718399999994,27002.718399999994,0.0,0.0,0.0,0.0
2025-11-02,6:00-12:00,6958.560600000001,9748.958900000001,2790.3983,2790.3983,0.0,4.3814
2025-11-02,12:00-18:00,17309.908799999997,18203.799899999998,893.8911,893.8911,0.0,0.0
2025-11-02,18:00-24:00,21303.595799999992,21387.68149999999,84.08569999999997,84.08569999999997,0.0,0.0
2025-11-03,0:00-6:00,27635.740499999993,27635.740499999993,0.0,0.0,0.0,0.0
2025-11-03,6:00-12:00,10874.8452,10995.596000000001,120.75080000000003,120.75080000000003,0.0,0.0
2025-11-03,12:00-18:00,18336.292,18438.6786,102.38660000000004,102.38660000000004,0.0,0.0
2025-11-03,18:00-24:00,21282.448299999996,21425.866099999996,143.41780000000006,143.41780000000006,0.0,0.0
2025-11-04,0:00-6:00,27356.847999999994,27356.847999999994,0.0,0.0,0.0,0.0
2025-11-04,6:00-12:00,8821.6807,9444.1477,622.4670000000002,622.4670000000002,0.0,16.4375
2025-11-04,12:00-18:00,14644.930400000001,15725.1446,1080.2142,1080.2142,0.0,0.0
2025-11-04,18:00-24:00,21190.795799999993,21201.149199999993,10.353399999999965,10.353399999999965,0.0,0.0
2025-11-05,0:00-6:00,27854.956799999996,27854.956799999996,0.0,0.0,0.0,0.0
2025-11-05,6:00-12:00,10934.589899999997,11219.369899999996,284.78000000000014,284.78000000000014,0.0,0.0
2025-11-05,12:00-18:00,20502.096699999995,20507.916399999995,5.819700000000012,5.819700000000012,0.0,0.0
2025-11-05,18:00-24:00,21476.622699999993,21587.06369999999,110.44100000000003,110.44100000000003,0.0,0.0
2025-11-06,0:00-6:00,27717.6947,27717.6947,0.0,0.0,0.0,0.0
2025-11-06,6:00-12:00,10072.660100000001,11681.609,1608.9488999999999,1608.9488999999999,0.0,7.6148
2025-11-06,12:00-18:00,16670.039399999998,17067.4978,397.45840000000004,397.45840000000004,0.0,0.0
2025-11-06,18:00-24:00,21219.226899999994,21427.103899999995,207.877,207.877,0.0,0.0
2025-11-07,0:00-6:00,18287.6949,18415.812599999997,128.1177,128.1177,0.0,0.0
2025-11-07,6:00-12:00,0.0,0.0,0.0,0.0,0.0,190.8648
2025-11-07,12:00-18:00,3458.5258000000003,3803.3669999999997,344.84119999999996,344.84119999999996,0.0,0.0
2025-11-07,18:00-24:00,13415.546300000002,13544.257000000001,128.71069999999992,128.71069999999992,0.0,566.0664
2025-11-08,0:00-6:00,17247.7938,17293.7525,45.95870000000002,45.95870000000002,0.0,0.0
2025-11-08,6:00-12:00,0.0,0.0,0.0,0.0,0.0,0.0
2025-11-08,12:00-18:00,4013.4946,4151.3638,137.8692000000001,137.8692000000001,0.0,0.0
2025-11-08,18:00-24:00,13424.6122,13446.3916,21.77940000000001,21.77940000000001,0.0,296.6623
2025-11-09,0:00-6:00,27075.8454,27075.8454,0.0,0.0,0.0,0.0
2025-11-09,6:00-12:00,10685.919699999999,10901.074299999998,215.1546000000002,215.1546000000002,0.0,0.0
2025-11-09,12:00-18:00,18027.650399999995,18401.593399999998,373.943,373.943,0.0,0.0
2025-11-09,18:00-24:00,21273.693899999995,21410.550999999992,136.85710000000017,136.85710000000017,0.0,0.0
2025-11-10,0:00-6:00,27784.167499999996,27784.167499999996,0.0,0.0,0.0,0.0
2025-11-10,6:00-12:00,9954.5034,13072.4824,3117.9790000000003,3117.9790000000003,0.0,0.0
2025-11-10,12:00-18:00,19250.205399999995,19532.498899999995,282.2934999999999,282.2934999999999,0.0,0.0
2025-11-10,18:00-24:00,21527.003999999994,21699.57349999999,172.5694999999999,172.5694999999999,0.0,0.0
2025-11-11,0:00-6:00,27937.927799999994,27942.021499999995,4.0937000000000126,4.0937000000000126,0.0,0.0
2025-11-11,6:00-12:00,12682.539400000001,12718.3076,35.76819999999995,35.76819999999995,0.0,0.0
2025-11-11,12:00-18:00,18593.185299999997,18594.241499999996,1.0562000000001035,1.0562000000001035,0.0,0.0
2025-11-11,18:00-24:00,21519.067199999994,21564.823099999994,45.75589999999988,45.75589999999988,0.0,0.0
2025-11-12,0:00-6:00,27476.264499999997,27476.264499999997,0.0,0.0,0.0,0.0
2025-11-12,6:00-12:00,10514.133100000001,12234.2088,1720.0757000000003,1720.0757000000003,0.0,0.0
2025-11-12,12:00-18:00,17911.0297,17949.1882,38.158500000000004,38.158500000000004,0.0,0.0
2025-11-12,18:00-24:00,21450.144199999995,21466.194499999994,16.05030000000005,16.05030000000005,0.0,0.0
2025-11-13,0:00-6:00,27602.094899999996,27602.094899999996,0.0,0.0,0.0,0.0
2025-11-13,6:00-12:00,11207.5557,12044.896499999999,837.3407999999996,837.3407999999996,0.0,0.0
2025-11-13,12:00-18:00,15043.635800000002,18148.546899999998,3104.9111000000003,3104.9111000000003,0.0,0.0
2025-11-13,18:00-24:00,21441.170499999993,21555.10229999999,113.93179999999995,113.93179999999995,0.0,69.1845
2025-11-14,0:00-6:00,18345.226999999995,18478.5494,133.32240000000002,133.32240000000002,0.0,0.0
2025-11-14,6:00-12:00,0.0,0.0,0.0,0.0,0.0,132.8105
2025-11-14,12:00-18:00,4569.0417,4631.67,62.628300000000046,62.628300000000046,0.0,0.0
2025-11-14,18:00-24:00,13404.014600000002,13405.818200000002,1.803600000000074,1.803600000000074,0.0,534.4005
2025-11-15,0:00-6:00,17911.149,18047.914800000002,136.7658,136.7658,0.0,0.0
2025-11-15,6:00-12:00,0.0,0.0,0.0,0.0,0.0,29.4507
2025-11-15,12:00-18:00,5093.695199999999,5162.313099999999,68.61789999999999,68.61789999999999,0.0,0.0
2025-11-15,18:00-24:00,13336.1911,13414.5239,78.33280000000002,78.33280000000002,0.0,141.20899999999997
2025-11-16,0:00-6:00,26993.274099999995,27091.874399999993,98.6003,98.6003,0.0,0.0
2025-11-16,6:00-12:00,11850.4348,12959.012399999996,1108.5776,1108.5776,0.0,0.0
2025-11-16,12:00-18:00,16873.0348,18413.6589,1540.6241,1540.6241,0.0,0.0
2025-11-16,18:00-24:00,21499.097499999996,21711.126899999996,212.02940000000004,212.02940000000004,0.0,0.0
2025-11-17,0:00-6:00,27798.059399999995,27798.059399999995,0.0,0.0,0.0,0.0
2025-11-17,6:00-12:00,10151.415099999998,13259.2914,3107.8763000000004,3107.8763000000004,0.0,0.0
2025-11-17,12:00-18:00,15310.7845,17978.792100000002,2668.0076,2668.0076,0.0,0.0
2025-11-17,18:00-24:00,21647.312999999995,21651.719199999992,4.4062,4.4062,0.0,0.0
2025-11-18,0:00-6:00,27372.858999999997,27372.858999999997,0.0,0.0,0.0,0.0
2025-11-18,6:00-12:00,10052.3786,11483.0987,1430.7201000000002,1430.7201000000002,0.0,0.0
2025-11-18,12:00-18:00,19271.386299999995,20109.5781,838.1918000000001,838.1918000000001,0.0,0.0
2025-11-18,18:00-24:00,21616.658499999994,21658.762199999994,42.103699999999975,42.103699999999975,0.0,25.0977
2025-11-19,0:00-6:00,28132.905099999996,28947.813999999995,814.9089,814.9089,0.0,0.0
2025-11-19,6:00-12:00,11155.4813,14288.7567,3133.2754,3133.2754,0.0,0.0
2025-11-19,12:00-18:00,17527.2221,19021.343399999998,1494.1213,1494.1213,0.0,0.0
2025-11-19,18:00-24:00,21489.484399999994,21710.813999999995,221.32959999999986,221.32959999999986,0.0,0.0
2025-11-20,0:00-6:00,27433.113899999997,27433.113899999997,0.0,0.0,0.0,0.0
2025-11-20,6:00-12:00,10965.417300000001,12109.5075,1144.0902,1144.0902,0.0,0.0
2025-11-20,12:00-18:00,17580.284799999998,19775.78909999999,2195.5043,2195.5043,0.0,0.0
2025-11-20,18:00-24:00,21571.068199999994,21677.831399999995,106.76320000000005,106.76320000000005,0.0,0.0
2025-11-21,0:00-6:00,18553.362299999997,18970.5424,417.18010000000004,417.18010000000004,0.0,0.0
2025-11-21,6:00-12:00,0.0,0.0,0.0,0.0,0.0,79.0101
2025-11-21,12:00-18:00,4590.4312,5023.926700000001,433.49550000000005,433.49550000000005,0.0,0.0
2025-11-21,18:00-24:00,13300.208600000002,13332.894400000001,32.68580000000003,32.68580000000003,0.0,326.093
2025-11-22,0:00-6:00,19675.665199999996,19753.695099999997,78.0299,78.0299,0.0,0.0
2025-11-22,6:00-12:00,0.0,0.0,0.0,0.0,0.0,0.0
2025-11-22,12:00-18:00,5072.7088,5146.9726,74.26380000000003,74.26380000000003,0.0,0.0
2025-11-22,18:00-24:00,13390.6951,13442.117300000002,51.42220000000009,51.42220000000009,0.0,520.7373
2025-11-23,0:00-6:00,27104.817399999993,27928.075299999993,823.2579,823.2579,0.0,0.0
2025-11-23,6:00-12:00,11824.591100000001,13391.6629,1567.0717999999997,1567.0717999999997,0.0,79.3033
2025-11-23,12:00-18:00,17069.485099999998,18102.7816,1033.2965,1033.2965,0.0,0.0
2025-11-23,18:00-24:00,21608.849999999995,21654.678799999994,45.82880000000004,45.82880000000004,0.0,0.0
2025-11-24,0:00-6:00,27579.643099999998,27579.643099999998,0.0,0.0,0.0,0.0
2025-11-24,6:00-12:00,10415.211699999998,11260.3841,845.1724000000002,845.1724000000002,0.0,0.0
2025-11-24,12:00-18:00,17381.1754,18841.022999999997,1459.8476,1459.8476,0.0,0.0
2025-11-24,18:00-24:00,21652.601699999992,21709.323299999993,56.72159999999993,56.72159999999993,0.0,179.0627
2025-11-25,0:00-6:00,29140.046999999995,29140.046999999995,0.0,0.0,0.0,0.0
2025-11-25,6:00-12:00,15300.558500000001,15369.9621,69.4036000000001,69.4036000000001,0.0,0.0
2025-11-25,12:00-18:00,22194.196799999998,22194.196799999998,0.0,0.0,0.0,0.0
2025-11-25,18:00-24:00,21905.241099999992,21907.873499999994,2.6323999999999614,2.6323999999999614,0.0,0.0
2025-11-26,0:00-6:00,27374.048999999995,28196.370299999995,822.3213,822.3213,0.0,0.0
2025-11-26,6:00-12:00,12959.020800000002,13773.6453,814.6244999999999,814.6244999999999,0.0,0.0
2025-11-26,12:00-18:00,20959.592699999997,21021.655599999995,62.06290000000007,62.06290000000007,0.0,0.0
2025-11-26,18:00-24:00,21692.338299999992,21785.92039999999,93.5821,93.5821,0.0,0.0
2025-11-27,0:00-6:00,27616.173699999996,28046.482199999995,430.3085,430.3085,0.0,0.0
2025-11-27,6:00-12:00,12368.768300000002,13483.326000000001,1114.5577,1114.5577,0.0,0.0
2025-11-27,12:00-18:00,19215.026499999996,19778.265499999994,563.2389999999998,563.2389999999998,0.0,0.0
2025-11-27,18:00-24:00,21697.993299999995,21743.791299999997,45.798,45.798,0.0,0.0
2025-11-28,0:00-6:00,19484.725899999998,19560.5778,75.8519,75.8519,0.0,0.0
2025-11-28,6:00-12:00,0.0,0.0,0.0,0.0,0.0,45.4349
2025-11-28,12:00-18:00,4764.6816,4856.7317,92.05009999999996,92.05009999999996,0.0,0.0
2025-11-28,18:00-24:00,13423.932800000002,13486.451400000002,62.51859999999988,62.51859999999988,0.0,853.0772
2025-11-29,0:00-6:00,21507.6514,21507.6514,0.0,0.0,0.0,0.0
2025-11-29,6:00-12:00,1752.0938999999998,1788.8267999999998,36.73289999999997,36.73289999999997,0.0,0.0
2025-11-29,12:00-18:00,8441.0575,8458.349800000002,17.29230000000001,17.29230000000001,0.0,0.0
2025-11-29,18:00-24:00,13305.8359,13305.8359,0.0,0.0,0.0,210.1308
2025-11-30,0:00-6:00,28026.5126,28026.5126,0.0,0.0,0.0,0.0
2025-11-30,6:00-12:00,13580.789400000001,14768.640500000001,1187.8510999999999,1187.8510999999999,0.0,0.0
2025-11-30,12:00-18:00,19969.304299999993,21376.999499999994,1407.6951999999997,1407.6951999999997,0.0,0.0
2025-11-30,18:00-24:00,21651.17779999999,21823.306399999994,172.1286,172.1286,0.0,0.0
2025-12-01,0:00-6:00,28576.658299999996,28576.658299999996,0.0,0.0,0.0,0.0
2025-12-01,6:00-12:00,14450.439000000002,17206.5453,2756.1063,2756.1063,0.0,780.9632
2025-12-01,12:00-18:00,22363.437499999996,23441.876899999996,1078.4393999999998,1078.4393999999998,0.0,0.0
2025-12-01,18:00-24:00,21712.193999999996,24550.553199999995,2838.3592,2838.3592,0.0,0.0
2025-12-02,0:00-6:00,29737.523299999997,29737.523299999997,0.0,0.0,0.0,0.0
2025-12-02,6:00-12:00,17855.2974,20198.471599999993,2343.1742000000004,2343.1742000000004,0.0,0.0
2025-12-02,12:00-18:00,22732.568499999994,23345.854399999997,613.2859,613.2859,0.0,0.0
2025-12-02,18:00-24:00,21759.669099999992,23864.127399999998,2104.4583000000002,2104.4583000000002,0.0,0.0
2025-12-03,0:00-6:00,29977.369499999997,29977.369499999997,0.0,0.0,0.0,0.0
2025-12-03,6:00-12:00,13427.5671,18555.4593,5127.8922,5127.8922,0.0,0.0
2025-12-03,12:00-18:00,19077.467799999995,23481.835,4404.367200000001,4404.367200000001,0.0,0.0
2025-12-03,18:00-24:00,21823.709399999992,23333.647499999995,1509.9381,1509.9381,0.0,0.0
2025-12-04,0:00-6:00,29880.545399999995,29880.545399999995,0.0,0.0,0.0,0.0
2025-12-04,6:00-12:00,15388.3588,18251.015399999997,2862.6566,2862.6566,0.0,0.0
2025-12-04,12:00-18:00,24641.336299999995,24671.315999999995,29.97969999999998,29.97969999999998,0.0,0.0
2025-12-04,18:00-24:00,22200.420399999995,23202.873699999996,1002.4532999999999,1002.4532999999999,0.0,0.0
2025-12-05,0:00-6:00,21856.808999999997,22460.097999999998,603.289,603.289,0.0,0.0
2025-12-05,6:00-12:00,0.0,2527.9226,2527.9226,2527.9226,0.0,1158.2662
2025-12-05,12:00-18:00,5656.1759999999995,9615.8361,3959.6601,3959.6601,0.0,0.0
2025-12-05,18:00-24:00,13357.906900000002,14801.306800000002,1443.3999,1443.3999,0.0,373.636
2025-12-06,0:00-6:00,22394.213699999997,22394.213699999997,0.0,0.0,0.0,0.0
2025-12-06,6:00-12:00,1828.2919000000002,4358.6984,2530.4065,2530.4065,0.0,467.0474
2025-12-06,12:00-18:00,8193.4762,9182.4118,988.9356,988.9356,0.0,0.0
2025-12-06,18:00-24:00,13586.4477,14178.3021,591.8543999999999,591.8543999999999,0.0,231.7152
2025-12-07,0:00-6:00,29604.594599999997,29604.594599999997,0.0,0.0,0.0,0.0
2025-12-07,6:00-12:00,19335.430099999994,19659.361699999994,323.93159999999995,323.93159999999995,0.0,0.0
2025-12-07,12:00-18:00,24025.216199999995,24056.869899999994,31.653700000000015,31.653700000000015,0.0,0.0
2025-12-07,18:00-24:00,22220.518999999993,22609.746599999995,389.22760000000005,389.22760000000005,0.0,0.0
2025-12-08,0:00-6:00,29999.998799999994,29999.998799999994,0.0,0.0,0.0,0.0
2025-12-08,6:00-12:00,21096.697599999992,21096.697599999992,0.0,0.0,0.0,0.0
2025-12-08,12:00-18:00,23404.203499999996,23911.393099999998,507.18960000000004,507.18960000000004,0.0,0.0
2025-12-08,18:00-24:00,22208.015499999994,22268.924999999996,60.90950000000004,60.90950000000004,0.0,0.0
2025-12-09,0:00-6:00,29999.998799999994,29999.998799999994,0.0,0.0,0.0,0.0
2025-12-09,6:00-12:00,20501.569299999996,20745.085199999994,243.5159,243.5159,0.0,0.0
2025-12-09,12:00-18:00,22841.759499999993,22923.360199999996,81.6006999999999,81.6006999999999,0.0,0.0
2025-12-09,18:00-24:00,22193.64059999999,22261.971199999993,68.33060000000006,68.33060000000006,0.0,0.0
2025-12-10,0:00-6:00,29999.998799999994,29999.998799999994,0.0,0.0,0.0,0.0
2025-12-10,6:00-12:00,16253.447000000002,18563.158799999997,2309.7118,2309.7118,0.0,0.0
2025-12-10,12:00-18:00,23362.568699999996,23494.496299999995,131.92760000000004,131.92760000000004,0.0,0.0
2025-12-10,18:00-24:00,22489.145199999995,22489.145199999995,0.0,0.0,0.0,0.0
2025-12-11,0:00-6:00,29999.998799999994,29999.998799999994,0.0,0.0,0.0,0.0
2025-12-11,6:00-12:00,20113.174399999996,20127.546099999992,14.371700000000033,14.371700000000033,0.0,0.0
2025-12-11,12:00-18:00,22982.025699999995,22982.025699999995,0.0,0.0,0.0,0.0
2025-12-11,18:00-24:00,22301.555699999994,22301.555699999994,0.0,0.0,0.0,0.0
2025-12-12,0:00-6:00,23907.460099999997,23907.460099999997,0.0,0.0,0.0,0.0
2025-12-12,6:00-12:00,3398.7897,5316.056,1917.2662999999998,1917.2662999999998,0.0,87.4576
2025-12-12,12:00-18:00,8110.2672,8798.184300000003,687.9171000000001,687.9171000000001,0.0,0.0
2025-12-12,18:00-24:00,13683.324,13683.324,0.0,0.0,0.0,376.035
2025-12-13,0:00-6:00,23620.785699999997,23620.785699999997,0.0,0.0,0.0,0.0
2025-12-13,6:00-12:00,4604.5151,5293.4246,688.9095,688.9095,0.0,0.0
2025-12-13,12:00-18:00,7778.0686,8841.2954,1063.2268000000001,1063.2268000000001,0.0,0.0
2025-12-13,18:00-24:00,13634.016500000002,13634.471100000002,0.45460000000002765,0.45460000000002765,0.0,328.5154
2025-12-14,0:00-6:00,29908.494399999996,29908.494399999996,0.0,0.0,0.0,0.0
2025-12-14,6:00-12:00,16330.5375,18466.049899999998,2135.5124,2135.5124,0.0,0.0
2025-12-14,12:00-18:00,21638.393199999995,23080.326099999995,1441.9329000000002,1441.9329000000002,0.0,0.0
2025-12-14,18:00-24:00,22275.189099999996,22356.706699999995,81.51760000000002,81.51760000000002,0.0,3.2436999999999996
2025-12-15,0:00-6:00,29999.998799999994,29999.998799999994,0.0,0.0,0.0,0.0
2025-12-15,6:00-12:00,17453.725899999998,20652.869499999993,3199.1436000000003,3199.1436000000003,0.0,0.0
2025-12-15,12:00-18:00,21497.488699999994,22995.113399999995,1497.6247,1497.6247,0.0,0.0
2025-12-15,18:00-24:00,22187.387899999994,22256.795699999995,69.40780000000007,69.40780000000007,0.0,0.0
2025-12-16,0:00-6:00,29999.998799999994,29999.998799999994,0.0,0.0,0.0,0.0
2025-12-16,6:00-12:00,19865.87359999999,20574.908599999995,709.0350000000001,709.0350000000001,0.0,0.0
2025-12-16,12:00-18:00,23241.045799999993,23286.2044,45.15859999999998,45.15859999999998,0.0,0.0
2025-12-16,18:00-24:00,22252.33879999999,22336.981499999994,84.64269999999999,84.64269999999999,0.0,0.0
2025-12-17,0:00-6:00,29999.998799999994,29999.998799999994,0.0,0.0,0.0,0.0
2025-12-17,6:00-12:00,20815.507299999994,20979.758199999997,164.2509,164.2509,0.0,0.0
2025-12-17,12:00-18:00,22677.8827,22695.743499999997,17.860799999999955,17.860799999999955,0.0,0.0
2025-12-17,18:00-24:00,22184.597999999994,22301.22449999999,116.62649999999985,116.62649999999985,0.0,0.0
2025-12-18,0:00-6:00,29999.998799999994,29999.998799999994,0.0,0.0,0.0,0.0
2025-12-18,6:00-12:00,18696.974899999997,19586.200099999995,889.2252,889.2252,0.0,0.0
2025-12-18,12:00-18:00,21196.166599999997,22166.089499999995,969.9229,969.9229,0.0,0.0
2025-12-18,18:00-24:00,22118.37589999999,22256.102199999994,137.72629999999998,137.72629999999998,0.0,0.0
2025-12-19,0:00-6:00,24085.577299999997,24085.577299999997,0.0,0.0,0.0,0.0
2025-12-19,6:00-12:00,956.0025,3045.8567999999996,2089.8543000000004,2089.8543000000004,0.0,42.8778
2025-12-19,12:00-18:00,7990.978900000001,8552.9183,561.9394000000001,561.9394000000001,0.0,0.0
2025-12-19,18:00-24:00,13557.843700000001,13558.511600000002,0.6678999999999746,0.6678999999999746,0.0,704.2642000000001
2025-12-20,0:00-6:00,23539.906999999996,23539.906999999996,0.0,0.0,0.0,0.0
2025-12-20,6:00-12:00,3093.3087,3438.0917000000004,344.783,344.783,0.0,188.4811
2025-12-20,12:00-18:00,8515.1152,8623.5306,108.41539999999998,108.41539999999998,0.0,0.0
2025-12-20,18:00-24:00,13628.050500000001,13629.8397,1.789199999999937,1.789199999999937,0.0,281.0317
2025-12-21,0:00-6:00,29970.576899999996,29970.576899999996,0.0,0.0,0.0,0.0
2025-12-21,6:00-12:00,19487.452799999995,19603.750999999993,116.29820000000001,116.29820000000001,0.0,0.0
2025-12-21,12:00-18:00,22299.748499999998,23237.019599999992,937.2711,937.2711,0.0,0.0
2025-12-21,18:00-24:00,22188.594599999993,22262.97499999999,74.38040000000001,74.38040000000001,0.0,0.0
2025-12-22,0:00-6:00,29999.998799999994,29999.998799999994,0.0,0.0,0.0,0.0
2025-12-22,6:00-12:00,18632.788899999996,20176.858899999992,1544.0699999999997,1544.0699999999997,0.0,0.0
2025-12-22,12:00-18:00,22115.600999999995,22764.928799999998,649.3278,649.3278,0.0,0.0
2025-12-22,18:00-24:00,22149.954899999997,22205.441399999996,55.486500000000035,55.486500000000035,0.0,0.0
2025-12-23,0:00-6:00,29999.998799999994,29999.998799999994,0.0,0.0,0.0,0.0
2025-12-23,6:00-12:00,20525.771599999993,20543.560699999995,17.789099999999962,17.789099999999962,0.0,0.0
2025-12-23,12:00-18:00,22293.248799999994,22324.234399999998,30.985600000000005,30.985600000000005,0.0,0.0
2025-12-23,18:00-24:00,22121.443699999993,22121.443699999993,0.0,0.0,0.0,0.0
2025-12-24,0:00-6:00,29999.998799999994,29999.998799999994,0.0,0.0,0.0,0.0
2025-12-24,6:00-12:00,19020.5545,19459.065199999997,438.51069999999993,438.51069999999993,0.0,0.0
2025-12-24,12:00-18:00,22905.569299999996,22945.281699999996,39.71240000000006,39.71240000000006,0.0,0.0
2025-12-24,18:00-24:00,22233.648399999995,22233.648399999995,0.0,0.0,0.0,0.0
2025-12-25,0:00-6:00,29999.998799999994,29999.998799999994,0.0,0.0,0.0,0.0
2025-12-25,6:00-12:00,17278.106799999998,18485.807599999996,1207.7008,1207.7008,0.0,0.0
2025-12-25,12:00-18:00,21318.642699999993,22703.280699999992,1384.638,1384.638,0.0,0.0
2025-12-25,18:00-24:00,22135.52019999999,22185.711299999995,50.19110000000006,50.19110000000006,0.0,196.902
2025-12-26,0:00-6:00,24687.075399999998,24687.075399999998,0.0,0.0,0.0,0.0
2025-12-26,6:00-12:00,999.0283999999999,2542.1992999999998,1543.1709,1543.1709,0.0,55.9413
2025-12-26,12:00-18:00,8264.049799999999,8687.0629,423.0130999999999,423.0130999999999,0.0,0.0
2025-12-26,18:00-24:00,13689.205000000002,13713.960400000002,24.755400000000122,24.755400000000122,0.0,776.6354
2025-12-27,0:00-6:00,23444.295999999995,23444.295999999995,0.0,0.0,0.0,0.0
2025-12-27,6:00-12:00,2551.3644,3355.8649,804.5005,804.5005,0.0,133.4701
2025-12-27,12:00-18:00,8180.289599999999,8421.908899999999,241.61930000000012,241.61930000000012,0.0,0.0
2025-12-27,18:00-24:00,13613.8507,13620.2353,6.384599999999978,6.384599999999978,0.0,970.0329
2025-12-28,0:00-6:00,29852.420799999996,29852.420799999996,0.0,0.0,0.0,0.0
2025-12-28,6:00-12:00,17876.0729,18738.387099999996,862.3142,862.3142,0.0,0.0
2025-12-28,12:00-18:00,22593.412799999995,22595.812899999994,2.400100000000009,2.400100000000009,0.0,0.0
2025-12-28,18:00-24:00,22135.197499999995,22146.229499999994,11.032000000000039,11.032000000000039,0.0,0.0
2025-12-29,0:00-6:00,29999.998799999994,29999.998799999994,0.0,0.0,0.0,0.0
2025-12-29,6:00-12:00,17394.917599999997,19128.320499999994,1733.4028999999998,1733.4028999999998,0.0,0.0
2025-12-29,12:00-18:00,22162.808199999996,23182.981299999996,1020.1731,1020.1731,0.0,0.0
2025-12-29,18:00-24:00,22181.022199999992,22181.022199999992,0.0,0.0,0.0,0.0
2025-12-30,0:00-6:00,29999.998799999994,29999.998799999994,0.0,0.0,0.0,0.0
2025-12-30,6:00-12:00,17810.290699999998,18204.922199999997,394.6315000000001,394.6315000000001,0.0,0.0
2025-12-30,12:00-18:00,22600.277599999994,22600.277599999994,0.0,0.0,0.0,0.0
2025-12-30,18:00-24:00,22232.42689999999,22234.52629999999,2.099399999999946,2.099399999999946,0.0,7.2019
2025-12-31,0:00-6:00,29999.998799999994,29999.998799999994,0.0,0.0,0.0,0.0
2025-12-31,6:00-12:00,20431.206099999996,20681.133899999993,249.9278,249.9278,0.0,0.0
2025-12-31,12:00-18:00,22308.274799999996,22945.955999999995,637.6812,637.6812,0.0,0.0
2025-12-31,18:00-24:00,22031.910899999995,22051.596199999993,19.68530000000004,19.68530000000004,0.0,0.0
